date,run_id,subject_id,condition,target_id,center_x_deg,center_y_deg,semi_major_deg,semi_minor_deg,angle_deg,area_deg2,empirical_coverage,n_points,delay_s,delay_ms,target_x_deg,target_y_deg,center_error_deg
2025_04_11,000,CL98,Calib & Acc,1,-20.142968674698793,8.798259036144577,15.28503922480574,1.3195432732071546,119.07067268381554,63.36363262733935,0.9518072289156626,83,0.05,50,-21.0,11.8125,3.133712060916193
2025_04_11,000,CL98,Calib & Acc,2,22.76250909090909,15.124428409090909,3.332632747061586,0.7155108948943769,-165.42596392984308,7.491237761391807,0.9696969696969697,33,0.05,50,21.0,11.8125,3.7517073556556393
2025_04_11,000,CL98,Calib & Acc,3,-11.174083783783784,6.739067736486485,4.08010982740114,2.584231781817714,111.35691396322716,33.12479425533389,0.9594594594594594,74,0.05,50,-10.2,5.7375,1.3971317577813467
2025_04_11,000,CL98,Calib & Acc,4,9.502048351648355,8.53280480769231,0.8906535139448265,0.4495765932161314,164.56485421354895,1.257947019289537,0.9560439560439561,91,0.05,50,9.600000000000001,5.7375,2.7970204670903906
2025_04_11,000,CL98,Calib & Acc,5,0.1777067796610172,-3.3444734110169487,2.8208246084162867,1.7708203542061938,91.32886511078344,15.692800786416939,0.9576271186440678,118,0.05,50,0.0,-0.0,3.3491912600711284
2025_04_11,000,CL98,Calib & Acc,6,-16.983495348837206,4.611301744186049,21.746456292580902,4.121947006206271,122.00604978632357,281.60526675895625,0.9534883720930233,86,0.05,50,-10.2,-5.400000000000001,12.09305469105464
2025_04_11,000,CL98,Calib & Acc,7,9.777876404494382,-5.7492897471910105,5.690289304440255,0.8898921715724051,64.81998097440803,15.908220654760896,0.9550561797752809,89,0.05,50,9.600000000000001,-5.400000000000001,0.3919736506049962
2025_04_11,000,CL98,Calib & Acc,8,-22.207559210526313,-10.400333388157891,10.564667035471688,1.32803652321381,152.64541390480343,44.077373300929644,0.9539473684210527,152,0.05,50,-21.0,-11.8125,1.8580672179790891
2025_04_11,000,CL98,Calib & Acc,9,23.591159999999995,-5.9422274999999996,0.5645413372411189,0.08903965555114622,94.45412171767272,0.15791707513384934,1.0,5,0.05,50,21.0,-11.8125,6.416713284061882
2025_04_11,001,CL98,Acc 10min,1,-13.388212500000002,-3.734205468750001,24.002873433216813,2.3079975071522965,129.11894856340447,174.0397469664816,1.0,16,0.05,50,-21.0,11.8125,17.31009416141973
2025_04_11,001,CL98,Acc 10min,3,-2.7577499999999997,2.8960875,10.997373942554145,1.1068311184425443,171.1766486705763,38.24020625529646,1.0,4,0.05,50,-10.2,5.7375,7.966223073556015
2025_04_11,001,CL98,Acc 10min,5,0.9781826086956521,8.201352717391305,13.969642548938463,1.1072831509649397,106.88963324772402,48.59525415591747,0.9565217391304348,23,0.05,50,0.0,-0.0,8.25948107395473
2025_04_11,001,CL98,Acc 10min,7,8.819387096774195,-6.48672822580645,2.632676814719211,0.5450945090738238,-163.15464659522775,4.50836665198897,0.956989247311828,93,0.05,50,9.600000000000001,-5.400000000000001,1.3380339089302091
2025_04_11,001,CL98,Acc 10min,8,2.696640000000003,-14.49981,2.1850684707120727,1.788854381999832e-05,87.82204191885387,0.0001227976094511264,1.0,5,0.05,50,-21.0,-11.8125,23.848529982489488
2025_04_11,003,LW03,Calib & Acc,1,-21.81379677419355,12.736807258064509,3.9243872316990522,1.394527838435088,138.93515253173953,17.19289120741806,0.9516129032258065,186,0.05,50,-21.0,11.8125,1.231506840012899
2025_04_11,003,LW03,Calib & Acc,2,20.007139473684216,12.33388421052632,15.93512863842895,3.217009470679065,-147.3628788067345,161.04890853661968,0.9517543859649122,228,0.05,50,21.0,11.8125,1.1214336893914902
2025_04_11,003,LW03,Calib & Acc,3,-10.709052631578944,8.03328919172932,4.4779433369368125,1.8331723659196304,102.44453956273507,25.788837663328977,0.9511278195488722,266,0.05,50,-10.2,5.7375,2.351548977712056
2025_04_11,003,LW03,Calib & Acc,4,8.472406976744187,5.626814389534883,2.798161295125967,2.205539527022259,73.02791146150616,19.388198756166645,0.9534883720930233,258,0.05,50,9.600000000000001,5.7375,1.1330125023402093
2025_04_11,003,LW03,Calib & Acc,5,-0.5045441295546562,-1.67925516194332,3.8614233633179063,0.9747454833875099,94.60571043505227,11.824656242903732,0.951417004048583,247,0.05,50,0.0,-0.0,1.7534145766422018
2025_04_11,003,LW03,Calib & Acc,6,-10.535480130293152,-6.2201414902280145,0.8852597036699763,0.7963019256705656,122.91838771890153,2.2146154968744223,0.9511400651465798,307,0.05,50,-10.2,-5.400000000000001,0.8861032568583287
2025_04_11,003,LW03,Calib & Acc,7,8.398635398230093,-6.379704258849562,2.109394277954748,0.6428984637454055,77.69747093809445,4.26039654937841,0.9513274336283186,226,0.05,50,9.600000000000001,-5.400000000000001,1.5501926787318205
2025_04_11,003,LW03,Calib & Acc,8,-22.50860597014924,-11.452859748134324,3.349688831146202,1.1345940616485504,-142.90541045502724,11.939739295418997,0.9514925373134329,268,0.05,50,-21.0,-11.8125,1.5508813893821594
2025_04_11,003,LW03,Calib & Acc,9,20.105640892193303,-11.804169144981419,11.23217913191793,0.9193318693722315,170.4064091671369,32.44040064940878,0.9516728624535316,269,0.05,50,21.0,-11.8125,0.8943979074562568
2025_04_11,004,LW03,Acc 10min,1,-23.125831460674156,14.614277106741575,2.6828380298871064,0.9734589085965956,128.7628799086555,8.204685728822756,0.951310861423221,267,0.05,50,-21.0,11.8125,3.5169751712307
2025_04_11,004,LW03,Acc 10min,2,21.52846711409395,12.66030113255034,5.469523246415068,2.7627947418086025,-145.85432852541967,47.47314086459239,0.9530201342281879,298,0.05,50,21.0,11.8125,0.9990216469288467
2025_04_11,004,LW03,Acc 10min,3,-11.85816350364964,8.685213914233579,3.0911939525884695,1.092820851179797,121.44796235120266,10.612680765055034,0.9525547445255474,274,0.05,50,-10.2,5.7375,3.382088633522472
2025_04_11,004,LW03,Acc 10min,4,9.824033108108114,7.784637035472971,1.5675272202935824,0.9573303449755034,86.26902284912671,4.7144039179973305,0.9527027027027027,296,0.05,50,9.600000000000001,5.7375,2.0593593361853215
2025_04_11,004,LW03,Acc 10min,5,-0.8590206896551721,-2.2137349137931013,2.1323977478807006,0.6804540691718668,98.37549031230975,4.558446933691991,0.9501915708812261,261,0.05,50,0.0,-0.0,2.3745607622889326
2025_04_11,004,LW03,Acc 10min,6,-10.693395155709345,-6.331718382352937,1.2310683904015336,0.8679672480572006,98.37513619745343,3.3568767084100677,0.9515570934256056,289,0.05,50,-10.2,-5.400000000000001,1.0542949889342266
2025_04_11,004,LW03,Acc 10min,7,8.905905109489051,-5.548043020072991,1.6878052332582025,0.550417475529273,61.901088075292016,2.9185317076161335,0.9525547445255474,274,0.05,50,9.600000000000001,-5.400000000000001,0.7097073008119188
2025_04_11,004,LW03,Acc 10min,8,-21.415412631578945,-13.060593947368409,2.4791501649405663,0.6540222691289624,-177.44641679216903,5.093839326905701,0.9508771929824561,285,0.05,50,-21.0,-11.8125,1.3154110216707933
2025_04_11,004,LW03,Acc 10min,9,20.411877220077226,-12.11171525096525,4.162811910558857,1.4024083502017997,149.03397041981276,18.340499108206885,0.9536679536679536,259,0.05,50,21.0,-11.8125,0.6598622361328834
2025_04_11,005,JL98,Calib & Acc,1,-21.679238709677424,12.6311639516129,2.1336592320578536,0.9810535733686537,125.25772095798617,6.576088600505329,0.9548387096774194,155,0.05,50,-21.0,11.8125,1.0637555595129455
2025_04_11,005,JL98,Calib & Acc,2,19.44574344827586,11.734844741379302,2.896946474446412,1.0429717172839716,127.28557857486597,9.492112468000945,0.9517241379310345,145,0.05,50,21.0,11.8125,1.5561952858715593
2025_04_11,005,JL98,Calib & Acc,3,-9.425028099173556,6.536772520661157,4.659962887090776,2.2200232569555376,137.58566560574928,32.500485957002006,0.9504132231404959,242,0.05,50,-10.2,5.7375,1.1132915203820564
2025_04_11,005,JL98,Calib & Acc,4,11.768977777777776,3.7215607142857148,7.484366783373273,5.055096200986284,-153.49653678253375,118.85962621837287,0.9523809523809523,189,0.05,50,9.600000000000001,5.7375,2.961161225630924
2025_04_11,005,JL98,Calib & Acc,5,4.608043548387097,-2.9744119959677437,10.94314395469738,6.1158702893748975,150.47465601548035,210.25689709883204,0.9516129032258065,124,0.05,50,0.0,-0.0,5.484632354642266
2025_04_11,005,JL98,Calib & Acc,6,-4.537007407407407,-7.381686111111108,6.593837397534415,2.161489695063996,158.58093042735072,44.77558569283299,0.9506172839506173,243,0.05,50,-10.2,-5.400000000000001,5.999713738731976
2025_04_11,005,JL98,Calib & Acc,7,16.70287402597402,-5.713403814935063,28.138520877887302,11.362626014513383,123.24224847326938,1004.4535316518602,0.9545454545454546,154,0.05,50,9.600000000000001,-5.400000000000001,7.109784903924464
2025_04_11,005,JL98,Calib & Acc,8,-19.739964220183484,-10.039278096330275,6.5330770461436405,1.4428345727347185,157.01249050129968,29.613121796264416,0.9541284403669725,218,0.05,50,-21.0,-11.8125,2.175317467881849
2025_04_11,005,JL98,Calib & Acc,9,26.174290384615396,-9.06847896634615,3.689822687272206,2.6344735061518776,175.1719262315169,30.53860572336745,0.9519230769230769,104,0.05,50,21.0,-11.8125,5.856870531047966
2025_04_11,006,JL98,Acc 10min,1,-21.79514873949583,12.105054359243692,2.2301565045184857,1.1381725220418235,145.31444432114978,7.97431359650004,0.9537815126050421,238,0.05,50,-21.0,11.8125,0.8472600374349619
2025_04_11,006,JL98,Acc 10min,2,18.653544999999994,13.223826562499996,3.8555472816948253,1.066004592490342,131.1038605677043,12.912043537589735,0.9541666666666667,240,0.05,50,21.0,11.8125,2.73819169033928
2025_04_11,006,JL98,Acc 10min,3,-8.994786111111116,5.954821874999994,2.823389819215003,1.7325071136686585,147.4411638551704,15.367235385285225,0.9537037037037037,216,0.05,50,-10.2,5.7375,1.2246506911459194
2025_04_11,006,JL98,Acc 10min,4,16.84133725490196,1.158302205882353,5.848012726927045,2.589060841922878,128.02861087184502,47.56641691490278,0.954248366013072,153,0.05,50,9.600000000000001,5.7375,8.567731186077381
2025_04_11,006,JL98,Acc 10min,5,8.40197464788732,-3.4525299295774645,6.4362129941696375,1.772632036387894,125.55436797110143,35.84254791223676,0.9530516431924883,213,0.05,50,0.0,-0.0,9.083674416136315
2025_04_11,006,JL98,Acc 10min,6,-2.5414902857142865,-9.726426,8.954102418529683,1.3872114363444523,138.59836567552261,39.022455212126,0.9542857142857143,175,0.05,50,-10.2,-5.400000000000001,8.796063493249957
2025_04_11,006,JL98,Acc 10min,7,25.26999212598425,-14.413038484251972,7.5913015467546225,2.292075698644859,147.8992868937053,54.663202594828654,0.952755905511811,127,0.05,50,9.600000000000001,-5.400000000000001,18.077154531258934
2025_04_11,006,JL98,Acc 10min,8,-21.168032835820895,-9.753689552238807,8.037502228372443,3.279989331116823,165.7533804800057,82.82156069342902,0.9502487562189055,201,0.05,50,-21.0,-11.8125,2.065656189622236
2025_04_11,007,CL98,Acc 60min,1,-16.801610399999994,9.137566799999995,28.16605721161732,3.3320893948446173,129.0690507187732,294.8441899012437,0.952,250,0.05,50,-21.0,11.8125,4.978126440524635
2025_04_11,007,CL98,Acc 60min,2,22.453673684210518,12.989898127530367,6.43943312429372,1.4081991668150526,121.90282950075347,28.487975881326676,0.951417004048583,247,0.05,50,21.0,11.8125,1.8706772920197097
2025_04_11,007,CL98,Acc 60min,3,-7.922729479768782,8.23879053468208,3.3618772735166997,2.2733638524763977,110.14576046361641,24.010470933541388,0.953757225433526,173,0.05,50,-10.2,5.7375,3.382663944468076
2025_04_11,007,CL98,Acc 60min,4,15.770399999999995,6.1821574817518234,6.6260475517379955,1.6881138073902842,133.47667528384844,35.14035487435357,0.9525547445255474,274,0.05,50,9.600000000000001,5.7375,6.186400927524645
2025_04_11,007,CL98,Acc 60min,5,12.102003529411764,-6.804746470588239,13.350095254111546,2.968735161249182,131.49088949970016,124.51041864286591,0.9529411764705882,170,0.05,50,0.0,-0.0,13.883913855785691
2025_04_11,007,CL98,Acc 60min,6,-0.35690731707317047,-8.451917835365853,7.131304481007794,2.115117579787025,166.01716677195117,47.38636193625604,0.9512195121951219,246,0.05,50,-10.2,-5.400000000000001,10.305371222741655
2025_04_11,007,CL98,Acc 60min,7,27.96960535714286,-13.754758258928566,3.1122592447525927,0.7954219517749369,153.3152822844952,7.777198982319141,0.9553571428571429,112,0.05,50,9.600000000000001,-5.400000000000001,20.180296988456504
2025_04_11,007,CL98,Acc 60min,8,-13.033398994974878,-10.901192336683419,33.30521382344433,5.817153653535484,167.44601171013184,608.657018472132,0.9547738693467337,199,0.05,50,-21.0,-11.8125,8.018554310503037
2025_04_11,008,LW03,Acc 60min,1,-0.21576666666666625,2.7187500000000004,6.4740433753232045,1.5029602822951382,142.58495860633772,30.568419270988468,1.0,18,0.05,50,-21.0,11.8125,22.686574098284307
2025_04_11,008,LW03,Acc 60min,2,25.128265178571443,11.41944056919643,11.838838774868247,7.324306550116604,168.50726116058846,272.41153400581226,0.9508928571428571,224,0.05,50,21.0,11.8125,4.146934904329839
2025_04_11,008,LW03,Acc 60min,3,-12.244335408560312,12.793101653696498,15.132235297162039,2.6795410589584714,143.56476909317487,127.38355782375675,0.953307392996109,257,0.05,50,-10.2,5.7375,7.345803016576079
2025_04_11,008,LW03,Acc 60min,4,14.377664367816106,8.03956422413793,4.099764421976112,1.4008185380491813,142.3022738397473,18.042248303348728,0.9501915708812261,261,0.05,50,9.600000000000001,5.7375,5.303355211897033
2025_04_11,008,LW03,Acc 60min,5,9.841131558935363,-2.784410931558934,2.408620154715865,1.1283415084259194,129.61922581897565,8.538051177675193,0.9505703422053232,263,0.05,50,0.0,-0.0,10.227453964504482
2025_04_11,008,LW03,Acc 60min,6,-3.8666146341463445,-6.846375457317071,1.4579674221172256,0.7754861670664517,125.4356426597729,3.5519901107709235,0.9512195121951219,246,0.05,50,-10.2,-5.400000000000001,6.496443038766552
2025_04_11,008,LW03,Acc 60min,7,29.21404817518249,-13.201466468978104,1.6468413370045358,0.9746079376769957,89.56323029624646,5.042333615150373,0.9525547445255474,274,0.05,50,9.600000000000001,-5.400000000000001,21.10861826091346
2025_04_11,008,LW03,Acc 60min,8,-24.92364943820225,-8.671406460674156,4.087768287133538,0.3072854076514554,168.19807891646772,3.946190800279598,0.9550561797752809,178,0.05,50,-21.0,-11.8125,5.026081330092003
2025_04_11,009,PW78,Calib & Acc,1,-21.47561900826444,11.023900568181809,2.086470385451179,0.6680078214769033,114.72032797514339,4.378684411820484,0.9504132231404959,242,0.05,50,-21.0,11.8125,0.920924809572652
2025_04_11,009,PW78,Calib & Acc,2,22.086747126436777,13.136372844827592,2.550462435928563,1.3908910581856846,131.41502304095863,11.144534148472085,0.9501915708812261,261,0.05,50,21.0,11.8125,1.7127926395482012
2025_04_11,009,PW78,Calib & Acc,3,-11.14229770992367,7.452704627862595,1.085438434397586,0.5477580662146007,95.19523243960614,1.8678579699448308,0.950381679389313,262,0.05,50,-10.2,5.7375,1.957000738264719
2025_04_11,009,PW78,Calib & Acc,4,10.250055555555557,8.163293750000005,1.5207940967413434,1.0357856939178909,116.53459253545125,4.948689428671849,0.9537037037037037,216,0.05,50,9.600000000000001,5.7375,2.51138359133919
2025_04_11,009,PW78,Calib & Acc,5,-0.1354922448979591,1.9344246428571437,1.4675577609471928,0.5916508755652695,77.92280320691351,2.727787831590223,0.9510204081632653,245,0.05,50,0.0,-0.0,1.9391639557604397
2025_04_11,009,PW78,Calib & Acc,6,-10.480540157480311,-3.63307721456693,1.741401030499792,0.6818711853651773,107.88237491797263,3.730362255156061,0.952755905511811,254,0.05,50,-10.2,-5.400000000000001,1.7890553120688137
2025_04_11,009,PW78,Calib & Acc,7,10.585106666666666,-3.7302614999999983,2.198961253799269,1.22703722694791,112.60626213062478,8.476668291319804,0.9511111111111111,225,0.05,50,9.600000000000001,-5.400000000000001,1.9386752701505654
2025_04_11,009,PW78,Calib & Acc,8,-22.15475241635688,-10.376048559479548,1.6490259278758816,0.5468116449143882,142.32550000453347,2.8327947678245997,0.9516728624535316,269,0.05,50,-21.0,-11.8125,1.8430534132399252
2025_04_11,009,PW78,Calib & Acc,9,22.400321933085507,-10.253763150557619,3.01828509316017,1.6249002883896109,150.29835270324017,15.40766570940319,0.9516728624535316,269,0.05,50,21.0,-11.8125,2.0953668132548757
2025_04_11,010,PW78,Acc 10min,1,-21.73570615384615,12.529434375000001,2.45805981460992,0.839081854375504,114.76623910677374,6.479576905814082,0.9538461538461539,260,0.05,50,-21.0,11.8125,1.0272577295225065
2025_04_11,010,PW78,Acc 10min,2,20.492045303867393,14.332959323204415,8.807097035240089,3.119796774572312,-169.73000994545387,86.31950849312508,0.9502762430939227,181,0.05,50,21.0,11.8125,2.571134608154779
2025_04_11,010,PW78,Acc 10min,3,-10.638795815899575,8.50395078451883,1.8635363675759749,1.2527950471337403,129.66279266887847,7.334453728228781,0.9539748953974896,239,0.05,50,-10.2,5.7375,2.801034043209012
2025_04_11,010,PW78,Acc 10min,4,9.439882075471697,9.665955424528308,4.049035526145034,2.0464796987280196,67.70282995186955,26.03208182764353,0.9528301886792453,212,0.05,50,9.600000000000001,5.7375,3.931717153135655
2025_04_11,010,PW78,Acc 10min,5,-0.0014046728971958983,3.164896787383176,5.965776106542369,3.3882807240329647,-175.17476644834994,63.503287403466395,0.9532710280373832,214,0.05,50,0.0,-0.0,3.164897099100427
2025_04_11,010,PW78,Acc 10min,6,-9.76180909090909,-3.063281676136363,2.94336051562491,1.7488960953781392,-138.3481279926836,16.171761973155846,0.9507575757575758,264,0.05,50,-10.2,-5.400000000000001,2.377449010576254
2025_04_11,010,PW78,Acc 10min,7,10.939665882352946,-3.1156213235294117,4.566442067565698,2.541928086254657,129.7679405259844,36.466248299614165,0.9529411764705882,255,0.05,50,9.600000000000001,-5.400000000000001,2.6482240490287103
2025_04_11,010,PW78,Acc 10min,8,-20.316091935483875,-9.168552217741933,11.490949276412096,2.786729537143595,174.47922740519306,100.6006069817981,0.9596774193548387,248,0.05,50,-21.0,-11.8125,2.730968713848173
2025_04_11,010,PW78,Acc 10min,9,24.3464642599278,-9.072193727436822,7.165089959863721,1.9353441281659702,135.67645847473867,43.56419760584032,0.9530685920577617,277,0.05,50,21.0,-11.8125,4.3252862923075055
2025_04_11,011,JL98,Acc 60min,1,-22.75236363636365,8.953777840909092,9.010925627300917,5.880396810426284,-173.84616351451032,166.46614075685306,0.9545454545454546,198,0.05,50,-21.0,11.8125,3.353068847627054
2025_04_11,011,JL98,Acc 60min,2,21.49950000000001,13.571414062499997,2.2776464100753513,0.7484225082605326,-178.65955706942216,5.355290278904311,0.9583333333333334,72,0.05,50,21.0,11.8125,1.8284635433227132
2025_04_11,011,JL98,Acc 60min,3,-11.698716201117321,4.77928093575419,11.256496851914386,1.7745033909356347,164.29847155988884,62.75234512271818,0.9553072625698324,179,0.05,50,-10.2,5.7375,1.7788575059783887
2025_04_11,011,JL98,Acc 60min,4,8.476949999999999,4.8227315625,2.6723228113127164,2.2774236284266522,-157.2754555973569,19.11976780310582,0.9625,80,0.05,50,9.600000000000001,5.7375,1.4484621488828067
2025_04_11,011,JL98,Acc 60min,5,-0.5966079999999998,-4.372001999999999,2.5572307929452784,2.2328460558298437,159.6684033583343,17.938188343222293,0.96,75,0.05,50,0.0,-0.0,4.4125211153792785
2025_04_11,011,JL98,Acc 60min,6,-9.45030731707317,-10.326396951219513,5.588019907980779,0.8275724977757315,-169.1153094251806,14.528268814742392,0.9512195121951219,41,0.05,50,-10.2,-5.400000000000001,4.983114090588226
2025_04_11,011,JL98,Acc 60min,7,7.1152500000000005,-9.414365625000002,1.58766143405308,0.443481739117439,139.21406698817205,2.2119917868243766,0.9583333333333334,48,0.05,50,9.600000000000001,-5.400000000000001,4.721134814182037
2025_04_11,011,JL98,Acc 60min,8,-21.782763829787232,-13.532651329787239,6.6916884438404605,0.5293743235824475,156.2985419086854,11.128803085736251,0.9574468085106383,94,0.05,50,-21.0,-11.8125,1.8898782528491036
2025_04_11,011,JL98,Acc 60min,9,19.654980681818174,-13.317755752840903,5.085242217249537,1.8651800282090114,-170.92278113811057,29.797667725414637,0.9545454545454546,176,0.05,50,21.0,-11.8125,2.0186311817028235
2025_04_11,012,PW78,Acc 60min,1,-21.456423529411783,10.805006911764707,1.9867821754159196,0.5574426337039157,136.16400746459712,3.4793675488306066,0.9529411764705882,255,0.05,50,-21.0,11.8125,1.1060582087044952
2025_04_11,012,PW78,Acc 60min,2,21.233475889328066,13.11789930830039,2.454611122654164,1.1752560863467048,82.188199493112,9.062855998911562,0.9525691699604744,253,0.05,50,21.0,11.8125,1.3261140015129416
2025_04_11,012,PW78,Acc 60min,3,-11.579039516129027,6.957449546370975,1.560648856918695,0.6289116993442491,133.0626191837071,3.0835056254510316,0.9516129032258065,248,0.05,50,-10.2,5.7375,1.8412025642867575
2025_04_11,012,PW78,Acc 60min,4,10.654109652509659,7.899905501930508,1.9835172664336336,0.7669883567567646,70.7023842511953,4.779413756260748,0.9536679536679536,259,0.05,50,9.600000000000001,5.7375,2.4056485018167897
2025_04_11,012,PW78,Acc 60min,5,0.21743902439024398,1.7716856707317068,3.7378797053501884,2.00127281141435,101.38217497699594,23.500737335992127,0.9512195121951219,246,0.05,50,0.0,-0.0,1.784978948112229
2025_04_11,012,PW78,Acc 60min,6,-11.05166759581881,-2.8468830574912913,1.6399298904705295,0.6924673565662969,112.03344084344839,3.567586070991509,0.9512195121951219,287,0.05,50,-10.2,-5.400000000000001,2.6914204086119313
2025_04_11,012,PW78,Acc 60min,7,10.51227317073171,-2.3370256097560973,1.8308161797742932,1.5854641355159842,108.20168953693567,9.11908023515966,0.9512195121951219,246,0.05,50,9.600000000000001,-5.400000000000001,3.1959434371288395
2025_04_11,012,PW78,Acc 60min,8,-20.97496153846155,-9.031752534965031,4.417109317165597,0.4219971530146961,-167.81444708567443,5.85595244541761,0.951048951048951,286,0.05,50,-21.0,-11.8125,2.7808601886564914
2025_04_11,012,PW78,Acc 60min,9,21.154907812499992,-9.123141796875007,4.4014418628800325,2.1433703189811384,163.99682935574336,29.637533294115187,0.953125,256,0.05,50,21.0,-11.8125,2.6938158762412145
2025_04_12,001,CL98test,Calib & Acc,1,-21.490469201520916,15.164358792775674,2.262223158058686,1.3210584522927318,167.08374847099938,9.388740826605117,0.9505703422053232,263,0.05,50,-21.0,11.8125,3.3875533064954366
2025_04_12,001,CL98test,Calib & Acc,2,22.912338728323697,13.59769942196532,5.757942041058068,2.0801801363388748,60.36506763116018,37.62860401100996,0.953757225433526,173,0.05,50,21.0,11.8125,2.61609946065359
2025_04_12,001,CL98test,Calib & Acc,3,-10.204047349823322,9.037380609540639,3.673981787427793,1.0853702524033988,119.13660576840721,12.527510809524635,0.950530035335689,283,0.05,50,-10.2,5.7375,3.2998830916053516
2025_04_12,001,CL98test,Calib & Acc,4,12.28307633587786,8.306573187022904,6.549506064703365,4.941762702878914,45.75465305594101,101.68111704247319,0.950381679389313,262,0.05,50,9.600000000000001,5.7375,3.7147053267288617
2025_04_12,001,CL98test,Calib & Acc,5,0.8223310344827581,-0.43612241379310357,2.6331899511292463,1.6990054747198038,94.27354138118159,14.054870229077986,0.9501915708812261,261,0.05,50,0.0,-0.0,0.9308228027321882
2025_04_12,001,CL98test,Calib & Acc,6,-8.446225423728807,-4.804788718220338,2.1589707933496896,1.739067858670418,86.69906098637932,11.79541345553663,0.9533898305084746,236,0.05,50,-10.2,-5.400000000000001,1.8520263859710506
2025_04_12,001,CL98test,Calib & Acc,7,10.408925454545455,-5.008257613636365,3.156440674890879,2.193537666949011,-173.91442121102097,21.7516697230866,0.9545454545454546,220,0.05,50,9.600000000000001,-5.400000000000001,0.8987894571508089
2025_04_12,001,CL98test,Calib & Acc,8,-18.850238028169002,-10.96081875000001,2.483928357792768,2.1714777048486824,169.1117960917016,16.945106902127584,0.9507042253521126,284,0.05,50,-21.0,-11.8125,2.312322963414117
2025_04_12,001,CL98test,Calib & Acc,9,21.139274733096062,-11.279900978647682,4.404773257896091,1.0534787183518748,-161.71158797435936,14.578041989181816,0.9501779359430605,281,0.05,50,21.0,-11.8125,0.5505081005983715
2025_04_12,002,MQ85,Calib & Acc,1,-20.200514285714277,12.237523763736263,2.541715228284158,1.870968046769478,168.47846716843344,14.939743258119428,0.9523809523809523,273,0.05,50,-21.0,11.8125,0.9054405596655648
2025_04_12,002,MQ85,Calib & Acc,2,18.874743396226425,12.386098443396227,6.541395457869887,2.5847716121203494,158.81826524114584,53.11809031715864,0.9509433962264151,265,0.05,50,21.0,11.8125,2.2013020706276927
2025_04_12,002,MQ85,Calib & Acc,3,-11.140969285714288,8.221785669642852,4.197176544624337,1.6599252551526211,156.3378624991914,21.88747396533401,0.9535714285714286,280,0.05,50,-10.2,5.7375,2.656519995228813
2025_04_12,002,MQ85,Calib & Acc,4,5.858490612244898,10.367574336734702,7.807201867722968,2.544754487777359,150.97962712582375,62.41531555322303,0.9510204081632653,245,0.05,50,9.600000000000001,5.7375,5.952854849763167
2025_04_12,002,MQ85,Calib & Acc,5,-5.630731730769232,6.276330108173078,5.086810918289851,2.5829308877441104,89.49770443487009,41.27701215468535,0.9519230769230769,208,0.05,50,0.0,-0.0,8.4319309443716
2025_04_12,002,MQ85,Calib & Acc,6,-10.515787200000004,-5.850411299999997,8.660558610678207,2.396615378478072,132.83029275071337,65.20698493347341,0.952,250,0.05,50,-10.2,-5.400000000000001,0.5500835344304796
2025_04_12,002,MQ85,Calib & Acc,7,3.249902803738318,-5.679408995327103,2.9174344002279895,2.57454180422244,-177.17610222248032,23.596680940430264,0.9532710280373832,107,0.05,50,9.600000000000001,-5.400000000000001,6.356241325550831
2025_04_12,002,MQ85,Calib & Acc,8,-27.903629387755107,-8.228639846938774,7.115077176813041,1.4973153713228204,172.64726228880542,33.46900265246255,0.9510204081632653,245,0.05,50,-21.0,-11.8125,7.778441509722624
2025_04_12,002,MQ85,Calib & Acc,9,19.90512903225807,-8.045221572580646,7.418064000110858,3.2531103426324326,153.51078300602452,75.81222503135315,0.9516129032258065,186,0.05,50,21.0,-11.8125,3.9231529648617314
2025_04_12,003,MQ85,Acc 10min,1,-20.777982456140343,13.626673026315782,5.005954273821605,1.6187390400335337,112.92269830854667,25.45737335653761,0.9532163742690059,171,0.05,50,-21.0,11.8125,1.827707733526681
2025_04_12,003,MQ85,Acc 10min,2,19.02868000000001,14.006034,5.741044753608028,2.51067333064636,46.73203160131427,45.28256450259407,0.96,75,0.05,50,21.0,11.8125,2.949185303021152
2025_04_12,003,MQ85,Acc 10min,3,-11.316599999999992,9.620761633663367,2.7446701552810664,1.2392561618543523,155.67305229988065,10.68565429421152,0.9504950495049505,202,0.05,50,-10.2,5.7375,4.040608428873289
2025_04_12,003,MQ85,Acc 10min,4,9.964060377358487,9.895262264150942,5.562785954759238,3.4643659584253483,162.65238268999465,60.54328543395369,0.9559748427672956,159,0.05,50,9.600000000000001,5.7375,4.173670687004423
2025_04_12,003,MQ85,Acc 10min,5,-1.1720285714285716,10.563717857142858,10.495756997749822,2.307585591650266,-162.1180704872514,76.08892677460075,0.9523809523809523,21,0.05,50,0.0,-0.0,10.628536396774667
2025_04_12,003,MQ85,Acc 10min,6,-9.796347486033516,-4.560424441340782,12.778316621507726,1.3613439371730578,104.65925673681467,54.65015261864366,0.9553072625698324,179,0.05,50,-10.2,-5.400000000000001,0.9315698957831354
2025_04_12,003,MQ85,Acc 10min,7,10.905164383561642,-5.754009760273972,4.145962915085676,1.869759007676811,-146.04177297966388,24.35347390215681,0.958904109589041,73,0.05,50,9.600000000000001,-5.400000000000001,1.3523228085361392
2025_04_12,003,MQ85,Acc 10min,8,-25.962430493273544,-9.130389013452914,7.118278789452939,1.636070359041233,155.77103458337047,36.58700354688799,0.9506726457399103,223,0.05,50,-21.0,-11.8125,5.6408718957912605
2025_04_12,003,MQ85,Acc 10min,9,16.083621276595746,-5.7778061170212744,23.802616603929415,2.631740689478119,149.0294266915967,196.79663545366333,0.950354609929078,141,0.05,50,21.0,-11.8125,7.7838493056586655
2025_04_12,004,NM84,Calib & Acc,1,-21.074997818181828,12.64027827272726,2.259365966206828,0.9521991452047824,117.2176720089214,6.758716694349637,0.9527272727272728,275,0.05,50,-21.0,11.8125,0.8311687804118729
2025_04_12,004,NM84,Calib & Acc,2,18.915428906250003,12.20646533203126,5.846876580869483,1.7686558834490207,162.72540227279103,32.48756357691069,0.953125,256,0.05,50,21.0,11.8125,2.121472443313973
2025_04_12,004,NM84,Calib & Acc,3,-10.925131958762897,9.125801675257735,3.094887586195125,1.4003335209455499,162.02503541156784,13.615269329099421,0.9518900343642611,291,0.05,50,-10.2,5.7375,3.465025916234061
2025_04_12,004,NM84,Calib & Acc,4,9.757976842105258,8.23700368421052,5.88294074309418,1.567276823376296,170.79531027121422,28.96610215437648,0.9508771929824561,285,0.05,50,9.600000000000001,5.7375,2.5044910361236106
2025_04_12,004,NM84,Calib & Acc,5,-4.314817616580313,3.0651295336787574,6.256298092867144,1.659338794905355,-175.53764140093978,32.61387279687792,0.9533678756476683,193,0.05,50,0.0,-0.0,5.292699700774792
2025_04_12,004,NM84,Calib & Acc,6,-11.036958241758244,-2.5550554945054955,6.686150500809372,1.2652848512815122,165.16097886550713,26.577512384198133,0.9523809523809523,273,0.05,50,-10.2,-5.400000000000001,2.9655030497017583
2025_04_12,004,NM84,Calib & Acc,7,4.9632075471698105,-3.2531349056603776,6.167626946842279,1.55251146355079,175.26020130453264,30.081728383229212,0.9559748427672956,159,0.05,50,9.600000000000001,-5.400000000000001,5.109684333098953
2025_04_12,004,NM84,Calib & Acc,8,-26.618123076923073,-9.74093983516484,7.378682305728605,1.0576463186298881,-173.5653139597342,24.517102721991293,0.9505494505494505,182,0.05,50,-21.0,-11.8125,5.987876787642466
2025_04_12,004,NM84,Calib & Acc,9,22.736288372093046,-10.95468880813953,2.9393603573930593,2.4232051971071042,81.09138713030013,22.376538094996075,0.9534883720930233,258,0.05,50,21.0,-11.8125,1.9366304118098014
2025_04_12,005,QZ00,Calib & Acc,1,-16.351500000000005,4.141312993421054,17.429107771356485,1.0452938700215972,121.09298581942016,57.23522989425912,0.9517543859649122,228,0.05,50,-21.0,11.8125,8.969708040951256
2025_04_12,005,QZ00,Calib & Acc,2,19.51433971291867,8.771804246411477,16.019492028058885,0.9423465209059168,62.99168914173891,47.425208058429725,0.9521531100478469,209,0.05,50,21.0,11.8125,3.384230659175266
2025_04_12,005,QZ00,Calib & Acc,3,-11.314182857142852,10.577704591836737,7.732426329054311,2.3137039724572164,121.84273285767779,56.20480635633105,0.9510204081632653,245,0.05,50,-10.2,5.7375,4.9667880899016055
2025_04_12,005,QZ00,Calib & Acc,4,12.555859523809508,11.052983035714288,5.729599308229275,2.857189341162012,67.42890526019679,51.42959984331006,0.9523809523809523,252,0.05,50,9.600000000000001,5.7375,6.082060952297481
2025_04_12,005,QZ00,Calib & Acc,5,-0.19500253164556997,2.0108278481012656,2.8245246532178823,1.7739220274200096,106.90963568558878,15.740907577218739,0.9535864978902954,237,0.05,50,0.0,-0.0,2.020261028196047
2025_04_12,005,QZ00,Calib & Acc,6,-8.714504347826084,-5.143978369565221,6.270297315750029,2.228164789870445,110.40900361190157,43.891994271602485,0.9521739130434783,230,0.05,50,-10.2,-5.400000000000001,1.5073965662287043
2025_04_12,005,QZ00,Calib & Acc,7,13.148806211180123,3.0836180124223604,11.322221858364525,5.121016192877005,80.60931547045799,182.15356793082003,0.9503105590062112,161,0.05,50,9.600000000000001,-5.400000000000001,9.195966512836362
2025_04_12,005,QZ00,Calib & Acc,8,-24.514200000000002,-8.272624362244898,9.815481934278456,4.937624548360794,-158.55219571177278,152.25780491373624,0.9591836734693877,98,0.05,50,-21.0,-11.8125,4.9880177596688755
2025_04_12,005,QZ00,Calib & Acc,9,25.709496610169488,-6.296794703389829,7.820707405364595,1.260851463843355,-145.10092993358722,30.97846095377309,0.9576271186440678,118,0.05,50,21.0,-11.8125,7.252748667936274
2025_04_12,008,NM84,Acc 10min,1,-21.15454060150375,8.081401973684216,8.45666626654361,1.1852129113225438,172.07203443555107,31.488026231350204,0.9511278195488722,266,0.05,50,-21.0,11.8125,3.7342971600410544
2025_04_12,008,NM84,Acc 10min,2,15.777825531914885,9.843461569148936,5.328605687279397,3.4209392511998713,134.62180636101235,57.26757835996244,0.950354609929078,282,0.05,50,21.0,11.8125,5.581058906452115
2025_04_12,008,NM84,Acc 10min,3,-9.367637288135594,3.417570762711862,8.48798320770537,2.5907391568955385,173.2413903711751,69.08409513418971,0.9533898305084746,236,0.05,50,-10.2,5.7375,2.4647310908345736
2025_04_12,008,NM84,Acc 10min,4,8.345007142857146,4.466876785714282,7.863633708578693,2.2374281898685346,160.553966047035,55.27417305604997,0.9523809523809523,252,0.05,50,9.600000000000001,5.7375,1.7859144504038702
2025_04_12,008,NM84,Acc 10min,5,-3.4319118644067808,-1.077092161016949,6.600350109365564,1.9363203347738867,-170.8255076668346,40.1507860362598,0.9548022598870056,177,0.05,50,0.0,-0.0,3.5969635205795716
2025_04_12,008,NM84,Acc 10min,6,-11.09487301587301,-5.78877142857143,8.12474741783233,2.3388957496021936,166.82891048386665,59.699487910932255,0.9523809523809523,189,0.05,50,-10.2,-5.400000000000001,0.9756746067266103
2025_04_12,008,NM84,Acc 10min,7,10.707723076923077,-5.203012500000001,12.748258546492416,2.6704933550559113,154.491128688188,106.95281929536362,1.0,39,0.05,50,9.600000000000001,-5.400000000000001,1.1251019910675553
2025_04_12,008,NM84,Acc 10min,8,-21.418400000000016,-12.220004779411761,9.24614833447051,1.7558176906443523,-156.65019086358666,51.00234557782908,0.9558823529411765,204,0.05,50,-21.0,-11.8125,0.5840536835286989
2025_04_12,008,NM84,Acc 10min,9,27.273728244274803,-13.726423854961837,5.014078383947674,2.5557041031927996,-173.99299738268743,40.257941257238734,0.9541984732824428,131,0.05,50,21.0,-11.8125,6.55917453690656
2025_04_12,011,MQ85,Acc 60min,1,-18.247458295964126,7.7900403026905884,5.833073490855435,3.6452524923215015,168.15963523134403,66.79976527074652,0.9506726457399103,223,0.05,50,-21.0,11.8125,4.874081231261461
2025_04_12,011,MQ85,Acc 60min,2,22.8470410041841,7.638497698744776,4.327669011062114,1.214848285606821,51.98758047802941,16.516801729893306,0.9539748953974896,239,0.05,50,21.0,11.8125,4.5644118659495785
2025_04_12,011,MQ85,Acc 60min,3,-9.11847887323944,4.331055501760566,2.1746111390572893,1.0922688533787894,160.23446922712526,7.462099414755168,0.9507042253521126,284,0.05,50,-10.2,5.7375,1.774196740572309
2025_04_12,011,MQ85,Acc 60min,4,11.829828358208962,4.385026679104478,3.45710912173666,1.826688829379906,145.9750498090746,19.839354317061474,0.9514925373134329,268,0.05,50,9.600000000000001,5.7375,2.6079337780716423
2025_04_12,011,MQ85,Acc 60min,5,-3.048759574468084,2.2879017287234045,6.297784551530852,2.5008041200918654,154.50741251434792,49.47859377771746,0.9893617021276596,94,0.05,50,0.0,-0.0,3.811748845767039
2025_04_12,011,MQ85,Acc 60min,6,-9.386986363636364,-7.797566761363632,12.858563934847473,3.1694460266736617,131.55899108053262,128.03411436772055,0.9545454545454546,132,0.05,50,-10.2,-5.400000000000001,2.5316630005016294
2025_04_12,011,MQ85,Acc 60min,7,8.688583561643838,-7.829556164383561,9.13569480495279,5.651490757295918,-173.53858908524012,162.2013546945128,0.9863013698630136,73,0.05,50,9.600000000000001,-5.400000000000001,2.5948840205296246
2025_04_12,011,MQ85,Acc 60min,8,-19.42740681818181,-13.526538494318185,6.675450985842538,1.6341576309421861,167.49794247562073,34.27081483167151,0.9507575757575758,264,0.05,50,-21.0,-11.8125,2.3261507422146153
2025_04_12,011,MQ85,Acc 60min,9,24.11545882352941,-12.460729411764696,6.3689342756292895,2.2092874704692758,179.89376462180505,44.20474294431962,0.954248366013072,153,0.05,50,21.0,-11.8125,3.1821824352767787
2025_04_12,012,QZ00,Acc 10min,1,-19.600910144927532,9.3708847826087,25.20991992754144,4.363300666961026,120.43861119053817,345.57035520525113,0.9516908212560387,207,0.05,50,-21.0,11.8125,2.814060641202223
2025_04_12,012,QZ00,Acc 10min,2,21.047747999999988,7.069735350000001,5.006941280456005,2.540358282136081,-168.59008268445527,39.95925135241106,0.952,250,0.05,50,21.0,11.8125,4.7430049964968
2025_04_12,012,QZ00,Acc 10min,3,-10.16320355871886,4.817769261565838,2.871715221676293,0.8187809123358933,171.82873982525925,7.38684442812233,0.9501779359430605,281,0.05,50,-10.2,5.7375,0.9204665172137472
2025_04_12,012,QZ00,Acc 10min,4,11.951433673469394,5.286219451530611,6.331068103615323,2.437883097758535,-164.2600856527053,48.488609969375,0.9540816326530612,196,0.05,50,9.600000000000001,5.7375,2.394346352170586
2025_04_12,012,QZ00,Acc 10min,5,0.8198862595419847,-0.7408923664122137,4.065021308842174,2.846024368207147,-137.98889674009476,36.345555712857006,0.950381679389313,262,0.05,50,0.0,-0.0,1.1050497623155424
2025_04_12,012,QZ00,Acc 10min,6,-9.576784946236566,-8.463500806451613,5.216701809068481,2.2884889393655845,146.43714803337676,37.50547786357002,0.953405017921147,279,0.05,50,-10.2,-5.400000000000001,3.126249221410064
2025_04_12,012,QZ00,Acc 10min,7,11.091534453781522,-6.827766806722691,14.888362271074595,5.611813065342803,66.42545860451258,262.4822839028363,0.9537815126050421,238,0.05,50,9.600000000000001,-5.400000000000001,2.0647501256075627
2025_04_12,012,QZ00,Acc 10min,8,-22.24619154929579,-10.041926276408445,3.1022571286246023,0.7513289996777432,-173.87631884525695,7.3224736219687125,0.9507042253521126,284,0.05,50,-21.0,-11.8125,2.1651615847804773
2025_04_12,012,QZ00,Acc 10min,9,25.568160424028264,-10.025807199646641,5.936390016256038,2.596222357650937,-171.12792656630998,48.41881811688628,0.950530035335689,283,0.05,50,21.0,-11.8125,4.905136167579103
2025_04_12,013,SY91,Calib & Acc,1,-30.0,16.875,0.0,0.0,90.0,0.0,1.0,252,0.05,50,-21.0,11.8125,10.326127359760774
2025_04_12,013,SY91,Calib & Acc,2,-30.0,16.875,0.0,0.0,90.0,0.0,1.0,258,0.05,50,21.0,11.8125,51.25064786175878
2025_04_12,013,SY91,Calib & Acc,3,-30.0,16.875,0.0,0.0,90.0,0.0,1.0,243,0.05,50,-10.2,5.7375,22.7174801914737
2025_04_12,013,SY91,Calib & Acc,4,-30.0,16.875,0.0,0.0,90.0,0.0,1.0,234,0.05,50,9.600000000000001,5.7375,41.13640609302179
2025_04_12,013,SY91,Calib & Acc,5,-30.0,16.875,0.0,0.0,90.0,0.0,1.0,249,0.05,50,0.0,-0.0,34.42042453253591
2025_04_12,013,SY91,Calib & Acc,6,-30.0,16.875,0.0,0.0,90.0,0.0,1.0,256,0.05,50,-10.2,-5.400000000000001,29.802946582510934
2025_04_12,013,SY91,Calib & Acc,7,-30.0,16.875,0.0,0.0,90.0,0.0,1.0,217,0.05,50,9.600000000000001,-5.400000000000001,45.4349603829474
2025_04_12,013,SY91,Calib & Acc,8,-30.0,16.875,0.0,0.0,90.0,0.0,1.0,294,0.05,50,-21.0,-11.8125,30.066138033508725
2025_04_12,013,SY91,Calib & Acc,9,-30.0,16.875,0.0,0.0,90.0,0.0,1.0,284,0.05,50,21.0,-11.8125,58.51472170531105
2025_04_12,014,QZ00,Acc 60min,1,-30.0,16.875,0.0,0.0,90.0,0.0,1.0,301,0.05,50,-21.0,11.8125,10.326127359760774
2025_04_12,014,QZ00,Acc 60min,2,-30.0,16.875,0.0,0.0,90.0,0.0,1.0,266,0.05,50,21.0,11.8125,51.25064786175878
2025_04_12,014,QZ00,Acc 60min,3,-30.0,16.875,0.0,0.0,90.0,0.0,1.0,179,0.05,50,-10.2,5.7375,22.7174801914737
2025_04_12,014,QZ00,Acc 60min,4,-30.0,16.875,0.0,0.0,90.0,0.0,1.0,204,0.05,50,9.600000000000001,5.7375,41.13640609302179
2025_04_12,014,QZ00,Acc 60min,5,-30.0,16.875,0.0,0.0,90.0,0.0,1.0,273,0.05,50,0.0,-0.0,34.42042453253591
2025_04_12,014,QZ00,Acc 60min,6,-30.0,16.875,0.0,0.0,90.0,0.0,1.0,270,0.05,50,-10.2,-5.400000000000001,29.802946582510934
2025_04_12,014,QZ00,Acc 60min,7,-30.0,16.875,0.0,0.0,90.0,0.0,1.0,306,0.05,50,9.600000000000001,-5.400000000000001,45.4349603829474
2025_04_12,014,QZ00,Acc 60min,8,-30.0,16.875,0.0,0.0,90.0,0.0,1.0,307,0.05,50,-21.0,-11.8125,30.066138033508725
2025_04_12,014,QZ00,Acc 60min,9,-30.0,16.875,0.0,0.0,90.0,0.0,1.0,309,0.05,50,21.0,-11.8125,58.51472170531105
2025_04_12,015,YR00,Calib & Acc,1,-19.517519254658392,12.551386024844723,8.542416446576107,5.161907370898872,163.85963297596825,138.52903832025063,0.9503105590062112,161,0.05,50,-21.0,11.8125,1.6564123031478137
2025_04_12,015,YR00,Calib & Acc,2,17.850654545454557,9.109327221074382,27.809923887099014,4.588102667437278,53.61518885914679,400.85084223225795,0.9504132231404959,242,0.05,50,21.0,11.8125,4.150363823183516
2025_04_12,015,YR00,Calib & Acc,3,-8.769197402597399,7.227483603896106,9.71431030358177,3.3115801543096413,129.4161198168595,101.0641472680255,0.9523809523809523,231,0.05,50,-10.2,5.7375,2.0657316409962974
2025_04_12,015,YR00,Calib & Acc,4,8.625394082840238,6.5514501479289935,7.794164361466439,3.0363704189946765,72.2235629429032,74.34883783117752,0.9526627218934911,169,0.05,50,9.600000000000001,5.7375,1.2697919266858073
2025_04_12,015,YR00,Calib & Acc,5,-2.329401030927834,3.3385639175257733,11.155484652810362,1.813104310955655,-174.7732962189307,63.54203307129355,0.9536082474226805,194,0.05,50,0.0,-0.0,4.070886659475144
2025_04_12,015,YR00,Calib & Acc,6,-9.6724464,-7.0266555,18.78608348066526,8.525343234940264,137.84383723175915,503.1505984091183,0.952,125,0.05,50,-10.2,-5.400000000000001,1.710064594263388
2025_04_12,015,YR00,Calib & Acc,7,10.15857777777778,-6.378774999999998,13.850440429870135,1.7156489538320234,78.80193451562134,74.65207543035312,0.9629629629629629,27,0.05,50,9.600000000000001,-5.400000000000001,1.1269470415472747
2025_04_12,015,YR00,Calib & Acc,8,-23.299853164556957,-8.801867563291138,7.795632125487101,5.913704570283201,66.88783269456775,144.8307681594315,0.9620253164556962,79,0.05,50,-21.0,-11.8125,3.788565988271313
2025_04_12,015,YR00,Calib & Acc,9,21.90229578947369,-9.215027171052634,6.475471902898392,2.679508071414062,-177.985468679543,54.510023040920515,0.9526315789473684,190,0.05,50,21.0,-11.8125,2.7497277663110182
2025_04_12,016,NM84,Acc 60min,3,-11.186776642335763,14.834723813868614,1.974837971315737,1.5147687216433736,116.8012603407408,9.397831858528887,0.9525547445255474,274,0.05,50,-10.2,5.7375,9.15058518683246
2025_04_12,016,NM84,Acc 60min,4,8.395127626459143,15.012731468871602,3.8728176975858144,1.419678400321254,47.65356869766569,17.272965346950805,0.953307392996109,257,0.05,50,9.600000000000001,5.7375,9.35316183104238
2025_04_12,016,NM84,Acc 60min,5,-1.7372808988764048,9.040352106741567,2.816159970155109,1.301168278212965,62.66002697797606,11.511731738747343,0.951310861423221,267,0.05,50,0.0,-0.0,9.205765103209375
2025_04_12,016,NM84,Acc 60min,6,-9.914068131868126,3.297386126373629,5.188207042227821,3.3613415752463633,-168.66829772896847,54.78728996169771,0.9523809523809523,273,0.05,50,-10.2,-5.400000000000001,8.702084949277953
2025_04_12,016,NM84,Acc 60min,7,7.693533707865168,2.4727771769662916,4.14604448366182,2.5896725622827095,-166.11646828604515,33.73095875238749,0.9550561797752809,178,0.05,50,9.600000000000001,-5.400000000000001,8.100323092396234
2025_04_12,016,NM84,Acc 60min,8,-21.653240163934434,-4.959169672131144,8.207372367401316,1.8252275662862822,-160.74369053060812,47.06207046019179,0.9508196721311475,244,0.05,50,-21.0,-11.8125,6.884392441941709
2025_04_12,016,NM84,Acc 60min,9,17.278588104089227,-5.5380287174721206,3.025479597883005,2.032131569285654,121.25951837780836,19.31505388286242,0.9516728624535316,269,0.05,50,21.0,-11.8125,7.295059723833196
2025_04_12,017,SS73,Calib & Acc,1,-21.23426888888888,12.071709999999989,5.072631294493411,2.1639831662762776,-174.32736382167937,34.48554131200268,0.9518518518518518,270,0.05,50,-21.0,11.8125,0.3493876591999566
2025_04_12,017,SS73,Calib & Acc,2,22.508388505747135,14.264530603448284,5.489494451238912,0.9535911402828652,-150.27557105647836,16.44539959500618,0.9501915708812261,261,0.05,50,21.0,11.8125,2.8788348275851168
2025_04_12,017,SS73,Calib & Acc,3,-11.710770422535221,7.930592825704224,8.973067115182024,1.2291686687541559,150.4447777321605,34.64992273046037,0.9507042253521126,284,0.05,50,-10.2,5.7375,2.663096583258405
2025_04_12,017,SS73,Calib & Acc,4,10.793240287769777,8.781797347122295,2.5273805428915233,1.5314396680801075,-168.45703891537624,12.159631188718686,0.9532374100719424,278,0.05,50,9.600000000000001,5.7375,3.2697964343446118
2025_04_12,017,SS73,Calib & Acc,5,-0.31030150375939825,-1.2069773966165407,3.3854131445419973,0.9010463467059219,82.60439071138582,9.58315867141644,0.9511278195488722,266,0.05,50,0.0,-0.0,1.2462268891251649
2025_04_12,017,SS73,Calib & Acc,6,-9.073903806228374,-6.620975735294112,6.221007036417537,2.1599782334373288,-161.8988516811138,42.214333804774576,0.9515570934256056,289,0.05,50,-10.2,-5.400000000000001,1.6609859673711684
2025_04_12,017,SS73,Calib & Acc,7,8.512575675675674,-6.202796959459461,2.9296802949174525,2.4308164504824035,83.09141888644285,22.372899380911946,0.9504504504504504,222,0.05,50,9.600000000000001,-5.400000000000001,1.351656250401549
2025_04_12,017,SS73,Calib & Acc,8,-20.525177935943063,-11.221734475088967,4.928087805714873,2.2920800351516735,-160.33881164829762,35.48608497956444,0.9501779359430605,281,0.05,50,-21.0,-11.8125,0.7579313279834121
2025_04_12,017,SS73,Calib & Acc,9,21.008917808219177,-11.960093835616426,4.537792053415506,0.9309600693989172,167.72468965829998,13.271668233786322,0.952054794520548,292,0.05,50,21.0,-11.8125,0.14786300286211798
2025_04_12,018,YR00,Acc 10min,1,-21.094401544401535,10.01056143822394,6.353582506561334,3.432246503947044,-167.45776645348164,68.50890371998354,0.9536679536679536,259,0.05,50,-21.0,11.8125,1.804409663020283
2025_04_12,018,YR00,Acc 10min,2,19.838993207547173,8.069441603773585,12.994720142887717,2.6378716284583668,-159.6082455203145,107.6887808784166,0.9509433962264151,265,0.05,50,21.0,11.8125,3.9189823844567946
2025_04_12,018,YR00,Acc 10min,3,-11.678433684210534,5.941021973684214,4.586448872965082,1.9437984821941796,-173.3041948923081,28.00771432145584,0.9508771929824561,285,0.05,50,-10.2,5.7375,1.4923764110909326
2025_04_12,018,YR00,Acc 10min,4,11.744021167883211,6.393211998175181,4.653159464318428,1.6729029041574306,-161.92930837465588,24.45504936931592,0.9525547445255474,274,0.05,50,9.600000000000001,5.7375,2.242049284222399
2025_04_12,018,YR00,Acc 10min,5,-0.09057761194029827,-2.3137236940298505,6.350377731904485,3.407613994360989,173.9957121076735,67.98292157417157,0.9514925373134329,268,0.05,50,0.0,-0.0,2.3154959805838455
2025_04_12,018,YR00,Acc 10min,6,-10.526745454545454,-6.561998437500002,8.954531888634207,4.602329715084574,174.73590810750102,129.47039970960296,0.9507575757575758,264,0.05,50,-10.2,-5.400000000000001,1.207063776616032
2025_04_12,018,YR00,Acc 10min,7,8.496482758620694,-7.337328879310341,8.871057692443353,6.630118286233642,179.15264118751375,184.77642190146145,0.9501915708812261,261,0.05,50,9.600000000000001,-5.400000000000001,2.2295724901046063
2025_04_12,018,YR00,Acc 10min,8,-25.758170731707313,-9.309696036585365,8.625153474727242,1.7638023318495055,-171.64589481275638,47.793255791307146,0.9512195121951219,123,0.05,50,-21.0,-11.8125,5.376264166813245
2025_04_12,018,YR00,Acc 10min,9,24.529505128205123,-10.950027403846144,6.21884312031008,1.4672045168393797,-158.54537498096315,28.664880079678436,0.9529914529914529,234,0.05,50,21.0,-11.8125,3.633354569697628
2025_04_12,019,SS73,Acc 10min,1,-21.39124593301435,12.129066925837314,7.540200233288792,3.6587056316393225,-172.29949489522178,86.66828852840912,0.9521531100478469,209,0.05,50,-21.0,11.8125,0.5032772582129623
2025_04_12,019,SS73,Acc 10min,2,22.30039507389163,14.733549199507397,3.902662079433152,1.9839304021485955,-139.6215690394913,24.32412653444681,0.9507389162561576,203,0.05,50,21.0,11.8125,3.1974295573388978
2025_04_12,019,SS73,Acc 10min,3,-12.046290774907757,8.190655488929885,10.49958364284493,2.756733076325727,150.9084594116195,90.93198412055207,0.9520295202952029,271,0.05,50,-10.2,5.7375,3.070303157405846
2025_04_12,019,SS73,Acc 10min,4,10.726757709251109,9.443706442731278,2.682296390708902,1.183411723532389,-139.59232114022856,9.972235021694315,0.9515418502202643,227,0.05,50,9.600000000000001,5.7375,3.873699669760117
2025_04_12,019,SS73,Acc 10min,5,-0.14477426470588223,-1.7227042279411773,3.9707267892069478,3.409510587454584,59.92895698353466,42.53161970556491,0.9522058823529411,272,0.05,50,0.0,-0.0,1.7287768637645335
2025_04_12,019,SS73,Acc 10min,6,-9.470877446808512,-5.527168563829781,1.9352090534057964,1.519570400449184,-159.38648303191047,9.23843877892876,0.9659574468085106,235,0.05,50,-10.2,-5.400000000000001,0.7401294084138276
2025_04_12,019,SS73,Acc 10min,7,9.725575107296143,-5.071133047210299,6.637370337118836,3.244694707470018,-165.59842454968427,67.6580946403061,0.9527896995708155,233,0.05,50,9.600000000000001,-5.400000000000001,0.3520263913538606
2025_04_12,019,SS73,Acc 10min,8,-20.66599999999999,-11.897863750000004,4.6881969268691535,1.5990396388840775,-164.65343027049263,23.551303450970362,0.9518518518518518,270,0.05,50,-21.0,-11.8125,0.34473608719434945
2025_04_12,019,SS73,Acc 10min,9,20.692896850393694,-10.796860187007876,4.5521941416755345,1.8732556600631305,-169.3073508148766,26.7896908381797,0.952755905511811,254,0.05,50,21.0,-11.8125,1.0610544633678276
2025_04_12,020,RB76,Calib & Acc,1,-21.128683593749987,12.119153027343751,7.032657829648697,2.2617003311432144,149.83067669943273,49.96943303529524,0.953125,256,0.05,50,-21.0,11.8125,0.33255908720030336
2025_04_12,020,RB76,Calib & Acc,2,20.944415094339643,13.972558584905666,3.911538049666115,0.8904403680279548,45.91083445797284,10.94214013349551,0.9509433962264151,265,0.05,50,21.0,11.8125,2.1607736512559432
2025_04_12,020,RB76,Calib & Acc,3,-10.397358139534884,8.520369331395356,1.5851319204738623,1.3050264750594733,170.52508599657412,6.498821470740733,0.9534883720930233,258,0.05,50,-10.2,5.7375,2.789858768981238
2025_04_12,020,RB76,Calib & Acc,4,9.522180694980696,9.74074517374517,8.291435832725876,2.835832676576684,-162.48320181017115,73.86865972678736,0.9536679536679536,259,0.05,50,9.600000000000001,5.7375,4.004001469198991
2025_04_12,020,RB76,Calib & Acc,5,-0.010683146067415697,0.7880372191011239,3.3607728022679932,1.341609509929033,156.2930469083198,14.164953549793923,0.951310861423221,267,0.05,50,0.0,-0.0,0.7881096296192114
2025_04_12,020,RB76,Calib & Acc,6,-9.758059574468085,-4.271767420212766,5.874286401930653,4.147856612462738,90.05078579076338,76.54709688055169,0.950354609929078,282,0.05,50,-10.2,-5.400000000000001,1.21170132203142
2025_04_12,020,RB76,Calib & Acc,7,8.83285347593583,-3.651697660427809,8.984728927852876,5.109770590819671,171.40495138216195,144.23021600881478,0.9518716577540107,187,0.05,50,9.600000000000001,-5.400000000000001,1.9092079142768454
2025_04_12,020,RB76,Calib & Acc,8,-20.745877941176474,-9.254191681985292,23.67582291492719,5.654870788844867,-153.09872738956165,420.6081093132679,0.9522058823529411,272,0.05,50,-21.0,-11.8125,2.570898572640304
2025_04_12,020,RB76,Calib & Acc,9,19.813943629343623,-10.093792326254826,9.951352445426956,2.6381296028420342,-172.32116401719873,82.4760983371939,0.9536679536679536,259,0.05,50,21.0,-11.8125,2.0882255103712155
2025_04_12,021,SY91,Acc 10min,1,-20.577729807692307,14.985050300480776,6.810938671874968,2.9451150234726104,163.46303734955904,63.01720014724137,0.9519230769230769,208,0.05,50,-21.0,11.8125,3.200529256918648
2025_04_12,021,SY91,Acc 10min,2,14.639325000000001,15.514505859375,5.926185366764284,0.33250530024674213,-162.68804493478285,6.190470765196583,0.96875,32,0.05,50,21.0,11.8125,7.359553915725586
2025_04_12,021,SY91,Acc 10min,3,-12.114625882352936,12.382311176470582,3.0601423783816584,1.499409678324346,122.00437855894687,14.414906034513224,0.9529411764705882,255,0.05,50,-10.2,5.7375,6.9151506014203425
2025_04_12,021,SY91,Acc 10min,4,7.431092307692307,11.308111117788467,1.8321013097998453,1.1602222474716466,-157.0732903499984,6.677909771311302,0.9519230769230769,208,0.05,50,9.600000000000001,5.7375,5.9779485447250185
2025_04_12,021,SY91,Acc 10min,5,-1.5948548223350258,7.203514340101523,2.5244046704295733,1.8685640267375971,140.61390695533515,14.81892947983871,0.9543147208121827,197,0.05,50,0.0,-0.0,7.377952341427367
2025_04_12,021,SY91,Acc 10min,6,-11.290252719665279,1.2352330543933048,3.5533490130738805,1.470280310129194,143.76416546183452,16.412996629086706,0.9539748953974896,239,0.05,50,-10.2,-5.400000000000001,6.724207661788195
2025_04_12,021,SY91,Acc 10min,7,7.592164372469632,2.393398329959517,3.944316676645633,2.9564927819992395,129.97915680378105,36.63519196412528,0.951417004048583,247,0.05,50,9.600000000000001,-5.400000000000001,8.047885525813353
2025_04_12,021,SY91,Acc 10min,8,-21.633483157894727,-4.736890657894738,6.421547916950846,4.220886582085333,-165.48777419421995,85.15169215707537,0.9526315789473684,190,0.05,50,-21.0,-11.8125,7.103910787265247
2025_04_12,021,SY91,Acc 10min,9,17.498345689655167,-3.7829676724137906,31.618761270618087,5.685177309112593,-178.34883613046387,564.7272419750557,0.9525862068965517,232,0.05,50,21.0,-11.8125,8.759850016347801
2025_04_12,022,SY91,Acc 60min,1,-18.97750909090909,16.181989772727274,3.364040628436879,1.3613957200830566,173.69081683554955,14.387836232944185,0.9545454545454546,22,0.05,50,-21.0,11.8125,4.814863482106592
2025_04_12,022,SY91,Acc 60min,2,17.933699999999998,16.51087125,1.2329667513471498,0.5258126814791119,153.20912902215713,2.0367245311573616,1.0,10,0.05,50,21.0,11.8125,5.610426730011415
2025_04_12,022,SY91,Acc 60min,3,-12.398297142857144,12.99979193877552,17.30352344835068,3.280768838266988,66.09693420657082,178.34463516723125,0.9510204081632653,245,0.05,50,-10.2,5.7375,7.5877133928672995
2025_04_12,022,SY91,Acc 60min,4,7.655443902439024,13.744298551829264,3.113352266668614,2.461658428897647,97.55111830799548,24.077197039828114,0.9512195121951219,164,0.05,50,9.600000000000001,5.7375,8.239546192973055
2025_04_12,022,SY91,Acc 60min,5,-1.3458720000000006,9.361966500000001,3.102070665547712,1.459871100908881,91.00049355761695,14.227089745479901,0.955,200,0.05,50,0.0,-0.0,9.45821273748409
2025_04_12,022,SY91,Acc 60min,6,-10.854893506493504,3.3059629870129874,2.9277108100568237,1.4487290013823997,138.9858656130821,13.324938188508161,0.9523809523809523,231,0.05,50,-10.2,-5.400000000000001,8.730559949744775
2025_04_12,022,SY91,Acc 60min,7,8.04152,4.539148593750001,1.8571412934305798,1.459576805935445,78.86359674917414,8.515727832817342,0.9541666666666667,240,0.05,50,9.600000000000001,-5.400000000000001,10.06059315741585
2025_04_12,022,SY91,Acc 60min,8,-20.864773043478266,-3.750816521739129,5.45312497725527,2.3380195341844248,-175.89119468163014,40.05377549539982,0.9521739130434783,230,0.05,50,-21.0,-11.8125,8.062817549308333
2025_04_12,022,SY91,Acc 60min,9,19.049783333333323,-1.418278125,2.3630915039843368,1.284132831349314,151.04878613470154,9.533236369532034,0.9523809523809523,252,0.05,50,21.0,-11.8125,10.575594235487337
2025_04_12,023,YR00,Acc 60min,1,-18.757331999999998,5.993626500000001,10.128103329697572,3.687938975884364,155.93920093121497,117.34422536851119,0.9533333333333334,150,0.05,50,-21.0,11.8125,6.236092411697107
2025_04_12,023,YR00,Acc 60min,2,18.26221548387098,7.32731008064516,18.24397025264519,3.1880318222448762,-159.08673074020115,182.7224357585271,0.9548387096774194,155,0.05,50,21.0,11.8125,5.254749534415327
2025_04_12,023,YR00,Acc 60min,3,-12.750565714285711,4.112549081632652,3.4336680693626107,1.878561090542325,-174.90705410964267,20.264388612855647,0.9510204081632653,245,0.05,50,-10.2,5.7375,3.024210797876476
2025_04_12,023,YR00,Acc 60min,4,9.047434351145034,4.032287690839693,5.121501715321871,2.5843479071091933,173.07136589780416,41.58131058363033,0.950381679389313,262,0.05,50,9.600000000000001,5.7375,1.7925060155007393
2025_04_12,023,YR00,Acc 60min,5,-2.35732727272727,-3.531395454545455,17.45462998515986,7.718980002826602,156.31936580069657,423.2728723178674,0.9523809523809523,231,0.05,50,0.0,-0.0,4.245909293323173
2025_04_12,023,YR00,Acc 60min,6,-10.404742528735632,-8.260794827586208,7.83769383503264,2.0888931616564204,-140.95596714656392,51.43448496507955,0.9540229885057471,261,0.05,50,-10.2,-5.400000000000001,2.8681120181431297
2025_04_12,023,YR00,Acc 60min,7,3.4121119691119706,-6.361202606177608,30.209747195077306,6.675349721634388,170.09789279843613,633.5355459643706,0.9536679536679536,259,0.05,50,9.600000000000001,-5.400000000000001,6.26209779011235
2025_04_12,023,YR00,Acc 60min,8,-27.626131578947355,-10.024385921052632,4.506189327652844,3.3418765509452664,-159.44409425904368,47.30964730233915,0.9526315789473684,190,0.05,50,-21.0,-11.8125,6.863160471739908
2025_04_12,023,YR00,Acc 60min,9,22.434674157303377,-11.108550842696639,5.712227471485177,2.124516487138546,-176.23812457777868,38.12549332649026,0.951310861423221,267,0.05,50,21.0,-11.8125,1.598072074001128
2025_04_12,024,RB76,Acc 10min,1,-20.423680459770107,10.853507327586204,5.936408832788443,2.2437573363851993,158.78584428976845,41.84557705713274,0.9501915708812261,261,0.05,50,-21.0,11.8125,1.1188436701318685
2025_04_12,024,RB76,Acc 10min,2,20.669970443349765,15.120342487684727,9.076094913977144,3.707799922961649,-153.55629532253414,105.72195675822132,0.9507389162561576,203,0.05,50,21.0,11.8125,3.324265547695466
2025_04_12,024,RB76,Acc 10min,3,-10.111282129277566,8.209804277566546,3.010314522228235,1.5946738234435271,161.26269921562172,15.081120559848099,0.9505703422053232,263,0.05,50,-10.2,5.7375,2.4738955720602607
2025_04_12,024,RB76,Acc 10min,4,8.472545714285708,7.84780071428572,4.754813514972874,2.8964505177019335,178.54545418857228,43.26627184638366,0.9523809523809523,210,0.05,50,9.600000000000001,5.7375,2.392597390095197
2025_04_12,024,RB76,Acc 10min,5,0.017507692307692245,2.988112500000001,2.6991401416095537,1.436191762634108,115.92555771441525,12.178330004291597,0.9523809523809523,273,0.05,50,0.0,-0.0,2.988163789343917
2025_04_12,024,RB76,Acc 10min,6,-9.559584000000001,-3.4917050454545464,2.664259726734665,1.9786770598426413,64.53936865930315,16.561564159866037,0.9527272727272728,275,0.05,50,-10.2,-5.400000000000001,2.0128890398130834
2025_04_12,024,RB76,Acc 10min,7,9.652159322033892,-1.553382362288138,4.610166163899794,2.173836080554015,149.07205493844305,31.48424217854219,0.9533898305084746,236,0.05,50,9.600000000000001,-5.400000000000001,3.846971256148274
2025_04_12,024,RB76,Acc 10min,8,-20.120596323529433,-11.178982720588237,4.2177734720983775,1.7902299635697971,-168.4629191872815,23.721488954761988,0.9522058823529411,272,0.05,50,-21.0,-11.8125,1.0838334602249693
2025_04_12,024,RB76,Acc 10min,9,19.89221408450705,-9.571805413732399,4.40911356158977,1.8355428430024656,-177.0882971161014,25.425276415349174,0.9507042253521126,284,0.05,50,21.0,-11.8125,2.499580337475371
2025_04_12,025,AW75,Calib & Acc,1,-19.585401818181815,11.376480681818183,5.810833602231996,5.0757025950322525,-137.18468642001326,92.65833225525336,0.9545454545454546,220,0.05,50,-21.0,11.8125,1.4802705367030216
2025_04_12,025,AW75,Calib & Acc,2,20.458225287356317,12.123704741379308,4.988518791445583,2.300583870393551,-141.46403770710475,36.05450652616035,0.9501915708812261,261,0.05,50,21.0,11.8125,0.6247945504860837
2025_04_12,025,AW75,Calib & Acc,3,-10.875431734317345,4.757030119926197,4.62246609782087,1.8024601664151554,95.46568156507709,26.175156266167207,0.9520295202952029,271,0.05,50,-10.2,5.7375,1.1906003584137184
2025_04_12,025,AW75,Calib & Acc,4,11.24702509505704,7.090925047528514,7.627854343734646,6.997376160362888,87.45880289080641,167.68240150967492,0.9505703422053232,263,0.05,50,9.600000000000001,5.7375,2.131771803694103
2025_04_12,025,AW75,Calib & Acc,5,-2.389371806167402,-7.498725165198239,12.248438350487836,5.862171718306927,54.09430869395237,225.57404594778225,0.9515418502202643,227,0.05,50,0.0,-0.0,7.8701954696999135
2025_04_12,025,AW75,Calib & Acc,6,-12.706153846153846,-14.0916375,11.034620965224436,1.270267016929272,49.62285829956413,44.03543736730673,1.0,13,0.05,50,-10.2,-5.400000000000001,9.045737644437736
2025_04_12,025,AW75,Calib & Acc,7,7.477230841121496,-8.984901343457942,6.2403568022842295,2.099556901357667,-159.3252519392146,41.16109728242964,0.9532710280373832,214,0.05,50,9.600000000000001,-5.400000000000001,4.166253298133985
2025_04_12,025,AW75,Calib & Acc,9,21.42767685589519,-8.628657641921397,6.186788604618879,1.7608650986153953,-168.83614594564725,34.22482492452221,0.9519650655021834,229,0.05,50,21.0,-11.8125,3.2124382724285794
2025_04_12,026,JH71,Calib & Acc,1,-20.79263658536585,9.589849847560972,8.252325386749929,3.175470503312701,122.83417843750377,82.32548527956281,0.9512195121951219,246,0.05,50,-21.0,11.8125,2.2323022389152345
2025_04_12,026,JH71,Calib & Acc,2,21.202753469387773,13.50448255102041,2.858323145944007,1.2794808856037891,54.13447410565905,11.48933787121715,0.9510204081632653,245,0.05,50,21.0,11.8125,1.7040874162748547
2025_04_12,026,JH71,Calib & Acc,3,-11.428782156133826,8.304794749070632,2.9693576590191157,1.758662783860033,171.71306024778107,16.40570724803518,0.9516728624535316,269,0.05,50,-10.2,5.7375,2.846209394236225
2025_04_12,026,JH71,Calib & Acc,4,10.504854339622637,8.609872075471698,3.163882902952412,1.7794118994999533,125.01084218328126,17.686698184697057,0.9509433962264151,265,0.05,50,9.600000000000001,5.7375,3.011524981779747
2025_04_12,026,JH71,Calib & Acc,5,-0.6731999999999997,2.7361981343283586,3.172956464310425,1.8038816097643582,-140.71460066192378,17.98133851000692,0.9502487562189055,201,0.05,50,0.0,-0.0,2.8177967404165245
2025_04_12,026,JH71,Calib & Acc,6,-11.580838383838373,-4.051582954545452,2.8693413586972363,0.6379301814594392,-167.39017926257247,5.75049514034231,0.9528619528619529,297,0.05,50,-10.2,-5.400000000000001,1.9300111841006897
2025_04_12,026,JH71,Calib & Acc,7,9.80620597014925,-3.2738507462686584,3.431081362516131,1.256152963141687,-156.59510692218024,13.540148161833407,0.9502487562189055,201,0.05,50,9.600000000000001,-5.400000000000001,2.1361253594458214
2025_04_12,026,JH71,Calib & Acc,8,-23.10009550173011,-11.128264878892727,3.6185186268560323,1.353188173299902,-159.63150678401362,15.38292344429336,0.9515570934256056,289,0.05,50,-21.0,-11.8125,2.2087505104342875
2025_04_12,026,JH71,Calib & Acc,9,20.376477181208067,-10.428906291946308,0.6339178143800205,0.47514415800005694,60.64456904449267,0.9462550779240276,0.9530201342281879,298,0.05,50,21.0,-11.8125,1.5176008218632466
2025_04_12,027,SS73,Acc 60min,1,-24.121045493562235,9.836806866952784,5.903433528858296,2.6801116032043235,135.06451123686625,49.70584133947726,0.9527896995708155,233,0.05,50,-21.0,11.8125,3.693817581967883
2025_04_12,027,SS73,Acc 60min,2,24.059973684210547,10.996678125,3.7866274562713964,1.4500299644491994,61.609582936717345,17.249615906146428,0.9517543859649122,228,0.05,50,21.0,11.8125,3.1668603189578133
2025_04_12,027,SS73,Acc 60min,3,-11.617034482758616,1.9444794827586211,6.217953312489006,1.140299788273473,137.7998135167532,22.2749312964525,0.9517241379310345,290,0.05,50,-10.2,5.7375,4.0490729024729895
2025_04_12,027,SS73,Acc 60min,4,10.992923893805312,2.7637949668141606,4.136027120763295,2.1266879503011564,95.29202749843373,27.63357162826948,0.9513274336283186,226,0.05,50,9.600000000000001,5.7375,3.2837720076656574
2025_04_12,027,SS73,Acc 60min,5,0.16544014598540177,-3.611035675182484,6.466944969956979,2.139390054023856,-141.8483991381259,43.464932599225385,0.9525547445255474,274,0.05,50,0.0,-0.0,3.6148235211894217
2025_04_12,027,SS73,Acc 60min,6,-11.026646280991738,-10.566126446280991,2.607331964333455,1.493439182712782,47.41746019830646,12.233021614750452,0.9504132231404959,242,0.05,50,-10.2,-5.400000000000001,5.231845423255672
2025_04_12,027,SS73,Acc 60min,7,9.77084745762712,-10.418577807203384,3.352105698820203,2.133592066694936,-166.10203323936915,22.468752734862033,0.9533898305084746,236,0.05,50,9.600000000000001,-5.400000000000001,5.021485045355802
2025_04_12,027,SS73,Acc 60min,8,-13.572633333333336,-11.61924375,26.280055968169055,3.3742383907263305,-137.98109105501413,278.58127443466213,1.0,18,0.05,50,-21.0,-11.8125,7.429880455247926
2025_04_12,027,SS73,Acc 60min,9,22.350550000000002,-16.5282046875,3.129841292680265,0.6723341743035881,179.3102793555378,6.6108510999889205,0.9583333333333334,24,0.05,50,21.0,-11.8125,4.905288574814889
2025_04_12,028,JH71,Acc 10min,1,-23.61212820512821,12.414483173076922,3.036440212996301,1.9077378139282788,143.12253907271693,18.198403711283987,0.9529914529914529,234,0.05,50,-21.0,11.8125,2.6805964822580237
2025_04_12,028,JH71,Acc 10min,2,22.328404761904764,13.923503571428576,4.790696690457376,1.8323172596765567,-135.5842344861138,27.577139802475337,0.9523809523809523,252,0.05,50,21.0,11.8125,2.4941923121594805
2025_04_12,028,JH71,Acc 10min,3,-11.218164566929138,7.591666535433066,3.3900169815448455,2.5174666991176085,173.70177344153618,26.811152373554304,0.952755905511811,254,0.05,50,-10.2,5.7375,2.1153232912417574
2025_04_12,028,JH71,Acc 10min,4,10.491475,8.123862656250003,2.62041482032688,1.5872990127207798,76.67309111815194,13.067083486128823,0.9541666666666667,240,0.05,50,9.600000000000001,5.7375,2.5474407554974787
2025_04_12,028,JH71,Acc 10min,5,-0.36515133079847883,1.852043441064638,2.731231580469694,1.4235896138338995,65.27635139277707,12.214992621017121,0.9505703422053232,263,0.05,50,0.0,-0.0,1.8876971160582001
2025_04_12,028,JH71,Acc 10min,6,-11.276062790697676,-4.449589534883721,6.557116702964211,2.025080285337832,166.95568097043352,41.71622792816801,0.9534883720930233,258,0.05,50,-10.2,-5.400000000000001,1.4356849172874304
2025_04_12,028,JH71,Acc 10min,7,10.61544593639576,-3.7832795936395773,1.7231282850196636,1.0997617517038767,138.4692280530425,5.953414152049114,0.950530035335689,283,0.05,50,9.600000000000001,-5.400000000000001,1.9091661326571017
2025_04_12,028,JH71,Acc 10min,8,-22.92988137931036,-11.809632413793103,1.3601387929118574,1.0527160119290353,-160.63168538607957,4.498257666170647,0.9517241379310345,290,0.05,50,-21.0,-11.8125,1.9298835097641278
2025_04_12,028,JH71,Acc 10min,9,21.344002675585287,-11.614157232441462,1.6422689678963016,1.2900151746853687,170.71367274867848,6.655627052305456,0.9531772575250836,299,0.05,50,21.0,-11.8125,0.39708650726588074
2025_04_12,030,AW75,Acc 10min,1,-22.604963636363635,10.306969480519486,15.262764648699099,8.211768619789662,111.77299654153266,393.7492903410948,0.9523809523809523,231,0.05,50,-21.0,11.8125,2.200575020111073
2025_04_12,030,AW75,Acc 10min,2,23.352435714285743,11.653838839285717,3.4526076893719932,2.7085144168851736,-141.08671092777956,29.378407986716358,0.9523809523809523,252,0.05,50,21.0,11.8125,2.357780132617602
2025_04_12,030,AW75,Acc 10min,3,-11.748919014084509,7.297730413732392,6.047879226984271,2.702221168984265,-173.16674679749556,51.342129113705525,0.9507042253521126,284,0.05,50,-10.2,5.7375,2.1985151935176797
2025_04_12,030,AW75,Acc 10min,4,12.12795140186916,6.07984170560748,8.648207256696608,3.157162424550761,74.74239722392595,85.77740175749571,0.9672897196261683,214,0.05,50,9.600000000000001,5.7375,2.551026486262046
2025_04_12,030,AW75,Acc 10min,5,0.1368669421487604,-1.5610476756198344,4.713392729215726,3.03519330406347,87.18220806083902,44.943806875281155,0.9504132231404959,242,0.05,50,0.0,-0.0,1.5670361850995145
2025_04_12,030,AW75,Acc 10min,6,-9.542305263157898,-8.186671912955465,5.9812768836572445,1.7518663522522766,-146.39303894657817,32.918857285925775,0.951417004048583,247,0.05,50,-10.2,-5.400000000000001,2.8632329135654793
2025_04_12,030,AW75,Acc 10min,7,10.145267870036106,-7.658994720216601,11.228974192569508,4.619587691760429,159.97704154422357,162.9645613367416,0.9530685920577617,277,0.05,50,9.600000000000001,-5.400000000000001,2.323870520502419
2025_04_12,030,AW75,Acc 10min,8,-18.48032481203009,-8.599538063909765,10.85066037891034,9.067009458439058,128.29396359886755,309.0794365999807,0.9511278195488722,266,0.05,50,-21.0,-11.8125,4.0831222680243
2025_04_12,030,AW75,Acc 10min,9,19.747620233463046,-11.345028356031131,31.820631846180632,3.328095547086095,161.63108608061452,332.7012692643557,0.953307392996109,257,0.05,50,21.0,-11.8125,1.336781514513914
2025_04_12,031,AW75,Acc 60min,1,-19.959756410256418,11.85181586538461,11.167354326561199,2.182105872945135,171.2480949009254,76.55542764756694,0.9529914529914529,234,0.05,50,-21.0,11.8125,1.0409862935089755
2025_04_12,031,AW75,Acc 60min,2,22.54246080000001,10.6974,14.523369091200035,8.891413239972398,-141.536421709287,405.68415192715975,0.952,250,0.05,50,21.0,11.8125,1.9033216568769122
2025_04_12,031,AW75,Acc 60min,3,-13.233297887323943,6.621697711267607,7.613602247068847,2.1091100101931795,-176.85500360923342,50.44745831001434,0.9507042253521126,284,0.05,50,-10.2,5.7375,3.159541369543177
2025_04_12,031,AW75,Acc 60min,4,12.020076923076921,7.034996606334841,15.94540440219399,6.674915057820103,178.34851077144555,334.37296347679563,0.9502262443438914,221,0.05,50,9.600000000000001,5.7375,2.7459551629733285
2025_04_12,031,AW75,Acc 60min,5,-0.7994399999999999,-1.9678170000000006,13.841538866448076,6.009122668426692,169.81077698626052,261.3035553669768,0.9511111111111111,225,0.05,50,0.0,-0.0,2.1240075468531185
2025_04_12,031,AW75,Acc 60min,6,-9.058208450704223,-6.969726760563384,2.794587844352277,2.166967785069035,161.94957354689848,19.02479971281923,0.9530516431924883,213,0.05,50,-10.2,-5.400000000000001,1.9410641526935843
2025_04_12,031,AW75,Acc 60min,7,10.115539910313904,-8.072916760089688,4.976610495381972,4.173542758065019,70.95262005627593,65.25118318417303,0.9551569506726457,223,0.05,50,9.600000000000001,-5.400000000000001,2.722180266899093
2025_04_12,031,AW75,Acc 60min,8,-24.64962765957447,-13.008655053191493,7.574189810145617,3.4042343849597407,155.32765196897986,81.00382208996692,0.950354609929078,282,0.05,50,-21.0,-11.8125,3.8406469461285515
2025_04_12,031,AW75,Acc 60min,9,22.930288301886787,-12.51327735849057,18.74403412917168,3.4012254213202002,168.301507283511,200.28496803087558,0.9509433962264151,265,0.05,50,21.0,-11.8125,2.0535583348359
2025_04_12,032,JH71,Acc 60min,1,-23.487987341772158,12.853671835443036,4.478211424766858,2.108222339813127,127.058315494016,29.659981602483544,0.9535864978902954,237,0.05,50,-21.0,11.8125,2.697057619654854
2025_04_12,032,JH71,Acc 60min,2,23.207472897196265,12.65164012850468,2.958398186740128,0.8463057685928909,49.54265149223667,7.86563521871667,0.9532710280373832,214,0.05,50,21.0,11.8125,2.361586912887798
2025_04_12,032,JH71,Acc 60min,3,-10.954971428571428,6.407324608013935,7.011508342500407,1.699075510350703,150.51270972129046,37.42605125523349,0.9512195121951219,287,0.05,50,-10.2,5.7375,1.0092803691047427
2025_04_12,032,JH71,Acc 60min,4,13.364904545454545,6.2371457386363645,5.830974072759568,1.9233314526791767,168.61831989397368,35.23263436254017,0.9507575757575758,264,0.05,50,9.600000000000001,5.7375,3.797914177614044
2025_04_12,032,JH71,Acc 60min,5,0.20288252788104102,1.074763104089219,3.0370008800857806,0.8687071658551212,135.00986446467948,8.288352142840784,0.9516728624535316,269,0.05,50,0.0,-0.0,1.0937445085717663
2025_04_12,032,JH71,Acc 60min,6,-10.83591780821918,-5.67357033390411,1.811042004351523,1.000393240048332,125.0140685275237,5.691793617590459,0.952054794520548,292,0.05,50,-10.2,-5.400000000000001,0.6922659795213782
2025_04_12,032,JH71,Acc 60min,7,11.059605600000001,-4.6357515000000005,4.187929276879661,2.1054372548845772,-138.22927568179347,27.700749185255045,0.952,250,0.05,50,9.600000000000001,-5.400000000000001,1.6475813416349465
2025_04_12,032,JH71,Acc 60min,8,-22.21182364864865,-11.547864653716205,12.371332178743854,1.6347796123188856,-155.0544887567056,63.53683156217635,0.9527027027027027,296,0.05,50,-21.0,-11.8125,1.2403823692421911
2025_04_12,032,JH71,Acc 60min,9,22.601789690721645,-12.773485438144334,1.6346084777623626,0.6667710583497747,149.9306521925588,3.4240520700504278,0.9518900343642611,291,0.05,50,21.0,-11.8125,1.8679462587632445
