session_id,date,subject_id,device_id,test_id,test_condition,recording_start_time,trial_number,marker_index,marker_id,target_key,target_label,marker_start_s,analysis_start_s,marker_end_s,target_settle_time_s,settle_excluded_valid_samples,valid_samples,coordinate_space,paper_qc_status,paper_qc_valid_samples,paper_qc_excluded_samples,paper_qc_mean_gaze_x,paper_qc_mean_gaze_y,paper_qc_gaze_direction_x_normalised,paper_qc_gaze_direction_y_normalised,paper_qc_gaze_direction_x_deg,paper_qc_gaze_direction_y_deg,paper_qc_omae_normalised,paper_qc_precision_rms_normalised,paper_qc_omae_deg,paper_qc_precision_rms_deg,target_x,target_y,mean_gaze_x,mean_gaze_y,target_x_centered,target_y_centered,gaze_direction_x_normalised,gaze_direction_y_normalised,error_x_normalised,error_y_normalised,centroid_error_normalised,omae_normalised,precision_rms_normalised,target_eccentricity_normalised,target_x_deg,target_y_deg,gaze_direction_x_deg,gaze_direction_y_deg,error_x_deg,error_y_deg,centroid_error_deg,omae_deg,precision_rms_deg,target_eccentricity_deg
2026_01_01/000,2026_01_01,SYNTHETIC_P01,SYNTHETIC_GP3,Synthetic longitudinal accuracy,synthetic_standard,1767261600.0,1,0,top_right_r1,"0.850000,0.150000",top_right,0.0,0.6,2.34,0.6,35,104,normalised,included,104,0,0.8522421104779299,0.14930101405590535,0.35224211047792986,0.35069898594409465,17.283383492462985,9.945673798456502,0.00571726441385156,0.006010130590009893,0.2404813951836683,0.2560941077089157,0.85,0.15,0.8522421104779299,0.14930101405590535,0.35,0.35,0.35224211047792986,0.35069898594409465,0.0022421104779298817,0.0006989859440946489,0.0023485401306524126,0.00571726441385156,0.006010130590009893,0.49497474683058323,17.179865595874652,9.926245506651705,17.283383492462985,9.945673798456502,0.11347591466586725,0.02002447145249676,0.11522916544474582,0.2404813951836683,0.2560941077089157,19.55804506682334
2026_01_01/000,2026_01_01,SYNTHETIC_P01,SYNTHETIC_GP3,Synthetic longitudinal accuracy,synthetic_standard,1767261600.0,1,1,inner_bottom_right_r1,"0.660000,0.660000",inner_bottom_right,3.0,3.6,5.34,0.6,35,104,normalised,included,104,0,0.6621001203988978,0.6590771087395273,0.16210012039889776,-0.1590771087395273,8.148703762581297,-4.547649543811953,0.005468100721382791,0.005809892420639764,0.22381796560946712,0.23919783383960963,0.66,0.66,0.6621001203988978,0.6590771087395273,0.16000000000000003,-0.16000000000000003,0.16210012039889776,-0.1590771087395273,0.0021001203988977313,0.0009228912604727357,0.002293955964817834,0.005468100721382791,0.005809892420639764,0.22627416997969527,8.044522463335591,-4.573921259900862,8.148703762581297,-4.547649543811953,0.10628964260914384,0.02643888521073617,0.10952853313045309,0.22381796560946712,0.23919783383960963,9.224536194561267
2026_01_01/000,2026_01_01,SYNTHETIC_P01,SYNTHETIC_GP3,Synthetic longitudinal accuracy,synthetic_standard,1767261600.0,1,2,inner_bottom_left_r1,"0.330000,0.660000",inner_bottom_left,6.0,6.6,8.34,0.6,36,104,normalised,included,104,0,0.3318618892787769,0.6588413335469905,-0.1681381107212231,-0.15884133354699048,-8.447927865100386,-4.540937482246349,0.005362082087807086,0.005577238718851168,0.22481375874457848,0.23794550504941364,0.33,0.66,0.3318618892787769,0.6588413335469905,-0.16999999999999998,-0.16000000000000003,-0.1681381107212231,-0.15884133354699048,0.001861889278776896,0.0011586664530095492,0.0021929750650096502,0.005362082087807086,0.005577238718851168,0.23345235059857505,-8.540104546894366,-4.573921259900862,-8.447927865100386,-4.540937482246349,0.09423249957765092,0.03319334509689301,0.09990774825639018,0.22481375874457848,0.23794550504941364,9.656235306212883
2026_01_01/000,2026_01_01,SYNTHETIC_P01,SYNTHETIC_GP3,Synthetic longitudinal accuracy,synthetic_standard,1767261600.0,1,3,centre_r1,"0.500000,0.500000",centre,9.0,9.6,11.34,0.6,36,104,normalised,included,104,0,0.5017212517815645,0.49904184802806123,0.001721251781564459,0.0009581519719387699,0.08711467480202649,0.027449029962137467,0.005015240660707946,0.005322761286718749,0.20424653879229349,0.2173942436824453,0.5,0.5,0.5017212517815645,0.49904184802806123,0.0,-0.0,0.001721251781564459,0.0009581519719387699,0.001721251781564459,0.0009581519719387699,0.0019699652019436733,0.005015240660707946,0.005322761286718749,0.0,0.0,-0.0,0.08711467480202649,0.027449029962137467,0.08711467480202649,0.027449029962137467,0.09133681343995392,0.20424653879229349,0.2173942436824453,0.0
2026_01_01/000,2026_01_01,SYNTHETIC_P01,SYNTHETIC_GP3,Synthetic longitudinal accuracy,synthetic_standard,1767261600.0,1,4,inner_top_left_r1,"0.330000,0.330000",inner_top_left,12.0,12.6,14.34,0.6,36,104,normalised,included,104,0,0.3318892801621583,0.32954401196063815,-0.1681107198378417,0.17045598803936185,-8.446571492705447,4.87143206051059,0.005333016433900013,0.005586496432632172,0.2191792869870501,0.22932751297917314,0.33,0.33,0.3318892801621583,0.32954401196063815,-0.16999999999999998,0.16999999999999998,-0.1681107198378417,0.17045598803936185,0.00188928016215828,0.0004559880393618654,0.0019435289097839256,0.005333016433900013,0.005586496432632172,0.24041630560342614,-8.540104546894366,4.858462919034286,-8.446571492705447,4.87143206051059,0.09561878321889233,0.013063094855594641,0.09650697134293282,0.2191792869870501,0.22932751297917314,9.790231559838404
2026_01_01/000,2026_01_01,SYNTHETIC_P01,SYNTHETIC_GP3,Synthetic longitudinal accuracy,synthetic_standard,1767261600.0,1,5,inner_top_left_r1,"0.330000,0.330000",inner_top_left,15.0,15.6,17.34,0.6,35,104,normalised,included,104,0,0.33156814554510977,0.3289091289940353,-0.16843185445489023,0.1710908710059647,-8.462473195906206,4.889488470282357,0.005503531317125425,0.005834706567694181,0.22092286814114404,0.2333290883942081,0.33,0.33,0.33156814554510977,0.3289091289940353,-0.16999999999999998,0.16999999999999998,-0.16843185445489023,0.1710908710059647,0.001568145545109756,0.001090871005964722,0.0019102565278784048,0.005503531317125425,0.005834706567694181,0.24041630560342614,-8.540104546894366,4.858462919034286,-8.462473195906206,4.889488470282357,0.07936578980594808,0.031251149218413626,0.08529689572559244,0.22092286814114404,0.2333290883942081,9.790231559838404
2026_01_01/000,2026_01_01,SYNTHETIC_P01,SYNTHETIC_GP3,Synthetic longitudinal accuracy,synthetic_standard,1767261600.0,1,6,top_left_r1,"0.150000,0.150000",top_left,18.0,18.6,20.34,0.6,35,104,normalised,included,104,0,0.1516849527802536,0.14883428789585695,-0.3483150472197464,0.35116571210414305,-17.10199536311748,9.958645151071584,0.005365357763045953,0.005719244319066475,0.2148414520161796,0.22852133122374116,0.15,0.15,0.1516849527802536,0.14883428789585695,-0.35,0.35,-0.3483150472197464,0.35116571210414305,0.0016849527802536013,0.0011657121041430407,0.0020488900852485806,0.005365357763045953,0.005719244319066475,0.49497474683058323,-17.179865595874652,9.926245506651705,-17.10199536311748,9.958645151071584,0.08527754033490169,0.0333951880656716,0.09158326363186328,0.2148414520161796,0.22852133122374116,19.55804506682334
2026_01_01/000,2026_01_01,SYNTHETIC_P01,SYNTHETIC_GP3,Synthetic longitudinal accuracy,synthetic_standard,1767261600.0,1,7,bottom_right_r1,"0.850000,0.850000",bottom_right,21.0,21.6,23.34,0.6,36,104,normalised,included,104,0,0.8514049675267769,0.8495578131778401,0.35140496752677686,-0.34955781317784007,17.244746305214072,-9.913953747065602,0.0052811420689043344,0.00570623266992152,0.21026834862270208,0.2330936793651876,0.85,0.85,0.8514049675267769,0.8495578131778401,0.35,-0.35,0.35140496752677686,-0.34955781317784007,0.001404967526776879,0.0004421868221599068,0.001472909683921393,0.0052811420689043344,0.00570623266992152,0.49497474683058323,17.179865595874652,-9.926245506651705,17.244746305214072,-9.913953747065602,0.07110715700610913,0.012667719126623218,0.07222671635770267,0.21026834862270208,0.2330936793651876,19.55804506682334
2026_01_01/000,2026_01_01,SYNTHETIC_P01,SYNTHETIC_GP3,Synthetic longitudinal accuracy,synthetic_standard,1767261600.0,1,8,inner_top_right_r1,"0.660000,0.330000",inner_top_right,24.0,24.6,26.34,0.6,36,104,normalised,included,104,0,0.6618862663322034,0.32858592917452584,0.16188626633220338,0.17141407082547416,8.138097508771601,4.8986800715992525,0.005422958408099699,0.005384217904317027,0.21726011890689054,0.21531938887617955,0.66,0.33,0.6618862663322034,0.32858592917452584,0.16000000000000003,0.16999999999999998,0.16188626633220338,0.17141407082547416,0.0018862663322033457,0.0014140708254741785,0.00235745561473829,0.005422958408099699,0.005384217904317027,0.23345235059857505,8.044522463335591,4.858462919034286,8.138097508771601,4.8986800715992525,0.09546624987571752,0.04051013836579943,0.1037056898203628,0.21726011890689054,0.21531938887617955,9.365177315044619
2026_01_01/000,2026_01_01,SYNTHETIC_P01,SYNTHETIC_GP3,Synthetic longitudinal accuracy,synthetic_standard,1767261600.0,1,9,bottom_right_r2,"0.850000,0.850000",bottom_right,27.0,27.6,29.34,0.6,36,104,normalised,included,104,0,0.8519127703038192,0.8489344377981419,0.3519127703038192,-0.3489344377981419,17.268185179864194,-9.896623803706932,0.00570848584850162,0.005986088562210212,0.2382885595614584,0.25420120088175835,0.85,0.85,0.8519127703038192,0.8489344377981419,0.35,-0.35,0.3519127703038192,-0.3489344377981419,0.0019127703038192,0.0010655622018580502,0.0021895463094443036,0.00570848584850162,0.005986088562210212,0.49497474683058323,17.179865595874652,-9.926245506651705,17.268185179864194,-9.896623803706932,0.0968076458130893,0.030526105599230524,0.10150645232682991,0.2382885595614584,0.25420120088175835,19.55804506682334
2026_01_01/000,2026_01_01,SYNTHETIC_P01,SYNTHETIC_GP3,Synthetic longitudinal accuracy,synthetic_standard,1767261600.0,1,10,centre_r2,"0.500000,0.500000",centre,30.0,30.6,32.34,0.6,35,104,normalised,included,104,0,0.5017684247597383,0.499486064748409,0.001768424759738263,0.0005139352515909912,0.08950215355500488,0.014723160105510627,0.00502385951443834,0.005317080555982712,0.20521753938997714,0.21493480263300635,0.5,0.5,0.5017684247597383,0.499486064748409,0.0,-0.0,0.001768424759738263,0.0005139352515909912,0.001768424759738263,0.0005139352515909912,0.0018415905010841114,0.00502385951443834,0.005317080555982712,0.0,0.0,-0.0,0.08950215355500488,0.014723160105510627,0.08950215355500488,0.014723160105510627,0.09070505073696555,0.20521753938997714,0.21493480263300635,0.0
2026_01_01/000,2026_01_01,SYNTHETIC_P01,SYNTHETIC_GP3,Synthetic longitudinal accuracy,synthetic_standard,1767261600.0,1,11,bottom_left_r2,"0.150000,0.850000",bottom_left,33.0,33.6,35.34,0.6,36,104,normalised,included,104,0,0.15263607033667,0.8486266472610959,-0.34736392966332996,-0.34862664726109593,-17.058010592634425,-9.8880664988198,0.005784104709073687,0.005759131999788234,0.23731743362506297,0.23412361749114782,0.15,0.85,0.15263607033667,0.8486266472610959,-0.35,-0.35,-0.34736392966332996,-0.34862664726109593,0.0026360703366700156,0.0013733527389040434,0.0029723668288632894,0.005784104709073687,0.005759131999788234,0.49497474683058323,-17.179865595874652,-9.926245506651705,-17.058010592634425,-9.8880664988198,0.1334146314388024,0.03934365167713661,0.13909484396903127,0.23731743362506297,0.23412361749114782,19.55804506682334
2026_01_01/000,2026_01_01,SYNTHETIC_P01,SYNTHETIC_GP3,Synthetic longitudinal accuracy,synthetic_standard,1767261600.0,1,12,top_left_r2,"0.150000,0.150000",top_left,36.0,36.6,38.34,0.6,36,104,normalised,included,104,0,0.15214476918596542,0.14903674620878585,-0.3478552308140346,0.3509632537912142,-17.080733580422265,9.953018513181549,0.005790198070969722,0.005987262895788727,0.2383826001535099,0.25093272790821725,0.15,0.15,0.15214476918596542,0.14903674620878585,-0.35,0.35,-0.3478552308140346,0.3509632537912142,0.0021447691859654283,0.000963253791214147,0.002351147108829057,0.005790198070969722,0.005987262895788727,0.49497474683058323,-17.179865595874652,9.926245506651705,-17.080733580422265,9.953018513181549,0.1085493665684136,0.027595186284572443,0.11200203410735807,0.2383826001535099,0.25093272790821725,19.55804506682334
2026_01_01/000,2026_01_01,SYNTHETIC_P01,SYNTHETIC_GP3,Synthetic longitudinal accuracy,synthetic_standard,1767261600.0,1,13,top_left_r2,"0.150000,0.150000",top_left,39.0,39.6,41.34,0.6,36,104,normalised,included,104,0,0.1515218371882273,0.149248179359606,-0.3484781628117727,0.350751820640394,-17.10953661655221,9.947142243282775,0.005328671987991058,0.005767108980696427,0.21491427597601737,0.2334899810076211,0.15,0.15,0.1515218371882273,0.149248179359606,-0.35,0.35,-0.3484781628117727,0.350751820640394,0.001521837188227293,0.000751820640394002,0.0016974164788860747,0.005328671987991058,0.005767108980696427,0.49497474683058323,-17.179865595874652,9.926245506651705,-17.10953661655221,9.947142243282775,0.07702206932993542,0.02153807380819479,0.07997678831699859,0.21491427597601737,0.2334899810076211,19.55804506682334
2026_01_01/000,2026_01_01,SYNTHETIC_P01,SYNTHETIC_GP3,Synthetic longitudinal accuracy,synthetic_standard,1767261600.0,1,14,top_right_r2,"0.850000,0.150000",top_right,42.0,42.6,44.34,0.6,35,104,normalised,included,104,0,0.8521434419856622,0.14865484521445207,0.35214344198566216,0.35134515478554795,17.278830425283765,9.963631985831807,0.005461050242159992,0.005353105183993363,0.22470773873424965,0.21933429606197893,0.85,0.15,0.8521434419856622,0.14865484521445207,0.35,0.35,0.35214344198566216,0.35134515478554795,0.0021434419856621867,0.0013451547855479196,0.0025305700826062745,0.005461050242159992,0.005353105183993363,0.49497474683058323,17.179865595874652,9.926245506651705,17.278830425283765,9.963631985831807,0.10848219551394445,0.03853584019116589,0.11512337132273368,0.22470773873424965,0.21933429606197893,19.55804506682334
2026_01_01/000,2026_01_01,SYNTHETIC_P01,SYNTHETIC_GP3,Synthetic longitudinal accuracy,synthetic_standard,1767261600.0,1,15,inner_top_left_r2,"0.330000,0.330000",inner_top_left,45.0,45.6,47.34,0.6,35,104,normalised,included,104,0,0.33215064352435353,0.32900152067400995,-0.16784935647564647,0.17099847932599005,-8.43362853000846,4.8868608621310194,0.0060109115203868906,0.006149632596623022,0.25044581133555427,0.2541440874306467,0.33,0.33,0.33215064352435353,0.32900152067400995,-0.16999999999999998,0.16999999999999998,-0.16784935647564647,0.17099847932599005,0.0021506435243535127,0.0009984793259900648,0.0023711238966518115,0.0060109115203868906,0.006149632596623022,0.24041630560342614,-8.540104546894366,4.858462919034286,-8.43362853000846,4.8868608621310194,0.10884667323577475,0.02860432327869958,0.11254244376029074,0.25044581133555427,0.2541440874306467,9.790231559838404
2026_01_01/000,2026_01_01,SYNTHETIC_P01,SYNTHETIC_GP3,Synthetic longitudinal accuracy,synthetic_standard,1767261600.0,1,16,inner_bottom_left_r2,"0.330000,0.660000",inner_bottom_left,48.0,48.6,50.34,0.6,36,104,normalised,included,104,0,0.3319726573093637,0.6585706941980173,-0.1680273426906363,-0.15857069419801728,-8.442442671198208,-4.533232751938684,0.005375942313906814,0.005473141477780632,0.22760475930032845,0.23379776892958024,0.33,0.66,0.3319726573093637,0.6585706941980173,-0.16999999999999998,-0.16000000000000003,-0.1680273426906363,-0.15857069419801728,0.00197265730936369,0.0014293058019827498,0.0024360402163690863,0.005375942313906814,0.005473141477780632,0.23345235059857505,-8.540104546894366,-4.573921259900862,-8.442442671198208,-4.533232751938684,0.09983859440769918,0.04094658807272058,0.10790904142083714,0.22760475930032845,0.23379776892958024,9.656235306212883
2026_01_01/000,2026_01_01,SYNTHETIC_P01,SYNTHETIC_GP3,Synthetic longitudinal accuracy,synthetic_standard,1767261600.0,1,17,bottom_right_r2,"0.850000,0.850000",bottom_right,51.0,51.6,53.34,0.6,36,104,normalised,included,104,0,0.8517270923223392,0.8491674030848275,0.35172709232233923,-0.3491674030848275,17.259615451037472,-9.903100493183238,0.005246581817440395,0.00562591876842486,0.2112280414551035,0.22568500458811083,0.85,0.85,0.8517270923223392,0.8491674030848275,0.35,-0.35,0.35172709232233923,-0.3491674030848275,0.001727092322339252,0.0008325969151724566,0.0019173068385206062,0.005246581817440395,0.00562591876842486,0.49497474683058323,17.179865595874652,-9.926245506651705,17.259615451037472,-9.903100493183238,0.08741027131357927,0.023852143259603015,0.09060617254729349,0.2112280414551035,0.22568500458811083,19.55804506682334
2026_01_01/000,2026_01_01,SYNTHETIC_P01,SYNTHETIC_GP3,Synthetic longitudinal accuracy,synthetic_standard,1767261600.0,1,18,inner_bottom_right_r3,"0.660000,0.660000",inner_bottom_right,54.0,54.6,56.34,0.6,36,104,normalised,included,104,0,0.6627209135972978,0.6592566350786908,0.1627209135972978,-0.1592566350786908,8.179489282309655,-4.552760225957026,0.005464198853118011,0.005404725966952901,0.2300493667123247,0.22475243456292296,0.66,0.66,0.6627209135972978,0.6592566350786908,0.16000000000000003,-0.16000000000000003,0.1627209135972978,-0.1592566350786908,0.0027209135972977583,0.0007433649213092197,0.002820631526838075,0.005464198853118011,0.005404725966952901,0.22627416997969527,8.044522463335591,-4.573921259900862,8.179489282309655,-4.552760225957026,0.1377086327319238,0.021295835333888492,0.13934552966787644,0.2300493667123247,0.22475243456292296,9.224536194561267
2026_01_01/000,2026_01_01,SYNTHETIC_P01,SYNTHETIC_GP3,Synthetic longitudinal accuracy,synthetic_standard,1767261600.0,1,19,bottom_left_r3,"0.150000,0.850000",bottom_left,57.0,57.6,59.34,0.6,35,104,normalised,included,104,0,0.15207448084819875,0.848938975449649,-0.34792551915180125,-0.348938975449649,-17.08398400772946,-9.896749957816105,0.005385025554867908,0.0055685743738173865,0.2182111975730092,0.22094838069374828,0.15,0.85,0.15207448084819875,0.848938975449649,-0.35,-0.35,-0.34792551915180125,-0.348938975449649,0.002074480848198751,0.001061024550350953,0.0023300737941084294,0.005385025554867908,0.0055685743738173865,0.49497474683058323,-17.179865595874652,-9.926245506651705,-17.08398400772946,-9.896749957816105,0.10499199674868649,0.030396111495844258,0.10930342555824395,0.2182111975730092,0.22094838069374828,19.55804506682334
2026_01_01/000,2026_01_01,SYNTHETIC_P01,SYNTHETIC_GP3,Synthetic longitudinal accuracy,synthetic_standard,1767261600.0,1,20,inner_top_right_r3,"0.660000,0.330000",inner_top_right,60.0,60.6,62.34,0.6,36,103,normalised,included,103,0,0.6617346092751895,0.32942282016304214,0.16173460927518946,0.17057717983695786,8.130575622230317,4.874878894809494,0.005180920079722977,0.00547833012424664,0.2137958932359041,0.22889827616643513,0.66,0.33,0.6617346092751895,0.32942282016304214,0.16000000000000003,0.16999999999999998,0.16173460927518946,0.17057717983695786,0.0017346092751894249,0.0005771798369578751,0.001828115396183704,0.005180920079722977,0.00547833012424664,0.23345235059857505,8.044522463335591,4.858462919034286,8.130575622230317,4.874878894809494,0.08779071296884473,0.01653498387983364,0.0893342830028563,0.2137958932359041,0.22889827616643513,9.365177315044619
2026_01_01/000,2026_01_01,SYNTHETIC_P01,SYNTHETIC_GP3,Synthetic longitudinal accuracy,synthetic_standard,1767261600.0,1,21,inner_bottom_right_r3,"0.660000,0.660000",inner_bottom_right,63.0,63.6,65.34,0.6,36,104,normalised,included,104,0,0.6622612658443722,0.6588196668951629,0.16226126584437217,-0.15881966689516291,8.156695521135529,-4.540320668503187,0.005756822652597443,0.0060575882427959474,0.24735078184801962,0.2653200355648041,0.66,0.66,0.6622612658443722,0.6588196668951629,0.16000000000000003,-0.16000000000000003,0.16226126584437217,-0.15881966689516291,0.00226126584437214,0.0011803331048371168,0.0025507860469467986,0.005756822652597443,0.0060575882427959474,0.22627416997969527,8.044522463335591,-4.573921259900862,8.156695521135529,-4.540320668503187,0.11444538828993808,0.033814048737597746,0.11933620871447155,0.24735078184801962,0.2653200355648041,9.224536194561267
2026_01_01/000,2026_01_01,SYNTHETIC_P01,SYNTHETIC_GP3,Synthetic longitudinal accuracy,synthetic_standard,1767261600.0,1,22,centre_r3,"0.500000,0.500000",centre,66.0,66.6,68.34,0.6,36,104,normalised,included,104,0,0.5019494480624592,0.49822634081884115,0.0019494480624592248,0.0017736591811588487,0.09866394842679169,0.05081157936697979,0.005216837854059238,0.005284751857905903,0.21438764382775868,0.22380788704094548,0.5,0.5,0.5019494480624592,0.49822634081884115,0.0,-0.0,0.0019494480624592248,0.0017736591811588487,0.0019494480624592248,0.0017736591811588487,0.002635567232899799,0.005216837854059238,0.005284751857905903,0.0,0.0,-0.0,0.09866394842679169,0.05081157936697979,0.09866394842679169,0.05081157936697979,0.11097919223468537,0.21438764382775868,0.22380788704094548,0.0
2026_01_01/000,2026_01_01,SYNTHETIC_P01,SYNTHETIC_GP3,Synthetic longitudinal accuracy,synthetic_standard,1767261600.0,1,23,inner_bottom_left_r3,"0.330000,0.660000",inner_bottom_left,69.0,69.6,71.34,0.6,35,104,normalised,included,104,0,0.3321100850435524,0.658747491404942,-0.16788991495644762,-0.15874749140494204,-8.435637081484396,-4.538265944060179,0.0053850936445410495,0.005469639136373168,0.22101829323350572,0.2221936667728522,0.33,0.66,0.3321100850435524,0.658747491404942,-0.16999999999999998,-0.16000000000000003,-0.16788991495644762,-0.15874749140494204,0.0021100850435523677,0.0012525085950579884,0.0024538208312176206,0.0053850936445410495,0.005469639136373168,0.23345235059857505,-8.540104546894366,-4.573921259900862,-8.435637081484396,-4.538265944060179,0.10679396420534841,0.03588172345947112,0.11266074252011408,0.22101829323350572,0.2221936667728522,9.656235306212883
2026_01_01/000,2026_01_01,SYNTHETIC_P01,SYNTHETIC_GP3,Synthetic longitudinal accuracy,synthetic_standard,1767261600.0,1,24,inner_top_right_r3,"0.660000,0.330000",inner_top_right,72.0,72.6,74.34,0.6,35,104,normalised,included,104,0,0.6620998431018544,0.32848914351616515,0.16209984310185444,0.17151085648383485,8.148690010189084,4.901432546210154,0.005438387927751511,0.005619544566199232,0.22693124691829178,0.23858727705744673,0.66,0.33,0.6620998431018544,0.32848914351616515,0.16000000000000003,0.16999999999999998,0.16209984310185444,0.17151085648383485,0.002099843101854404,0.001510856483834866,0.002586895507582666,0.005438387927751511,0.005619544566199232,0.23345235059857505,8.044522463335591,4.858462919034286,8.148690010189084,4.901432546210154,0.10627560830137761,0.04328284175342509,0.11475147369928969,0.22693124691829178,0.23858727705744673,9.365177315044619
2026_01_01/000,2026_01_01,SYNTHETIC_P01,SYNTHETIC_GP3,Synthetic longitudinal accuracy,synthetic_standard,1767261600.0,1,25,bottom_left_r3,"0.150000,0.850000",bottom_left,75.0,75.6,77.34,0.6,36,104,normalised,included,104,0,0.15247857418586028,0.8487634599027218,-0.3475214258141397,-0.34876345990272184,-17.06529549150093,-9.891870268866384,0.005768154861437295,0.005779493762123942,0.23494149626406935,0.23196770347854417,0.15,0.85,0.15247857418586028,0.8487634599027218,-0.35,-0.35,-0.3475214258141397,-0.34876345990272184,0.0024785741858602828,0.0012365400972781382,0.0027699027793389413,0.005768154861437295,0.005779493762123942,0.49497474683058323,-17.179865595874652,-9.926245506651705,-17.06529549150093,-9.891870268866384,0.12544359161502563,0.0354242598726334,0.13034939525941658,0.23494149626406935,0.23196770347854417,19.55804506682334
2026_01_01/000,2026_01_01,SYNTHETIC_P01,SYNTHETIC_GP3,Synthetic longitudinal accuracy,synthetic_standard,1767261600.0,1,26,top_right_r3,"0.850000,0.150000",top_right,78.0,78.6,80.34,0.6,36,104,normalised,included,104,0,0.8520419435395071,0.1492160526299537,0.35204194353950713,0.3507839473700463,17.274146534727432,9.948035141175145,0.0048901346621537155,0.005147184294793796,0.2023705923849002,0.21118164748746218,0.85,0.15,0.8520419435395071,0.1492160526299537,0.35,0.35,0.35204194353950713,0.3507839473700463,0.0020419435395071517,0.0007839473700463062,0.0021872601348576523,0.0048901346621537155,0.005147184294793796,0.49497474683058323,17.179865595874652,9.926245506651705,17.274146534727432,9.948035141175145,0.10334524761484387,0.022458436681820376,0.10575736094871961,0.2023705923849002,0.21118164748746218,19.55804506682334
2026_01_08/000,2026_01_08,SYNTHETIC_P01,SYNTHETIC_GP3,Synthetic longitudinal accuracy,synthetic_standard,1767866400.0,2,0,top_right_r1,"0.850000,0.150000",top_right,0.0,0.6,2.34,0.6,35,104,normalised,included,104,0,0.8538589489818238,0.14893162810365862,0.3538589489818238,0.3510683718963414,17.357960560387294,9.95593993639514,0.006790086549743256,0.006628827731028517,0.2881138642808164,0.27660898126581734,0.85,0.15,0.8538589489818238,0.14893162810365862,0.35,0.35,0.3538589489818238,0.3510683718963414,0.0038589489818238176,0.0010683718963413746,0.004004111106501809,0.006790086549743256,0.006628827731028517,0.49497474683058323,17.179865595874652,9.926245506651705,17.357960560387294,9.95593993639514,0.19530555973133282,0.030606597394130016,0.19768917763308747,0.2881138642808164,0.27660898126581734,19.55804506682334
2026_01_08/000,2026_01_08,SYNTHETIC_P01,SYNTHETIC_GP3,Synthetic longitudinal accuracy,synthetic_standard,1767866400.0,2,1,inner_bottom_right_r1,"0.660000,0.660000",inner_bottom_right,3.0,3.6,5.34,0.6,35,104,normalised,included,104,0,0.6637020849717776,0.657978380396972,0.16370208497177763,-0.15797838039697198,8.228136477113852,-4.516369819197043,0.0068964177250624,0.006533148627064296,0.29464805290709645,0.2761073232253159,0.66,0.66,0.6637020849717776,0.657978380396972,0.16000000000000003,-0.16000000000000003,0.16370208497177763,-0.15797838039697198,0.003702084971777597,0.0020216196030280464,0.004218101345108817,0.0068964177250624,0.006533148627064296,0.22627416997969527,8.044522463335591,-4.573921259900862,8.228136477113852,-4.516369819197043,0.18736656121523498,0.05791511579255365,0.1961130823617837,0.29464805290709645,0.2761073232253159,9.224536194561267
2026_01_08/000,2026_01_08,SYNTHETIC_P01,SYNTHETIC_GP3,Synthetic longitudinal accuracy,synthetic_standard,1767866400.0,2,2,inner_bottom_left_r1,"0.330000,0.660000",inner_bottom_left,6.0,6.6,8.34,0.6,36,104,normalised,included,104,0,0.33332793043492653,0.6580021811204448,-0.16667206956507347,-0.15800218112044484,-8.375317429516697,-4.517047431242702,0.007051860926979542,0.006719896783239156,0.2944821806955954,0.27805323101078044,0.33,0.66,0.33332793043492653,0.6580021811204448,-0.16999999999999998,-0.16000000000000003,-0.16667206956507347,-0.15800218112044484,0.003327930434926518,0.001997818879555191,0.0038815462454049625,0.007051860926979542,0.006719896783239156,0.23345235059857505,-8.540104546894366,-4.573921259900862,-8.375317429516697,-4.517047431242702,0.1684303069451066,0.0572332759788683,0.1778886686512905,0.2944821806955954,0.27805323101078044,9.656235306212883
2026_01_08/000,2026_01_08,SYNTHETIC_P01,SYNTHETIC_GP3,Synthetic longitudinal accuracy,synthetic_standard,1767866400.0,2,3,centre_r1,"0.500000,0.500000",centre,9.0,9.6,11.34,0.6,36,104,normalised,included,104,0,0.5043838683650184,0.4986652087370032,0.004383868365018362,0.0013347912629967928,0.2218720447784794,0.03823894727290232,0.007266565247750101,0.006805574716034021,0.3152829710405041,0.29013065723158044,0.5,0.5,0.5043838683650184,0.4986652087370032,0.0,-0.0,0.004383868365018362,0.0013347912629967928,0.004383868365018362,0.0013347912629967928,0.00458257237341445,0.007266565247750101,0.006805574716034021,0.0,0.0,-0.0,0.2218720447784794,0.03823894727290232,0.2218720447784794,0.03823894727290232,0.22514304809929925,0.3152829710405041,0.29013065723158044,0.0
2026_01_08/000,2026_01_08,SYNTHETIC_P01,SYNTHETIC_GP3,Synthetic longitudinal accuracy,synthetic_standard,1767866400.0,2,4,inner_top_left_r1,"0.330000,0.330000",inner_top_left,12.0,12.6,14.34,0.6,36,104,normalised,included,104,0,0.33275664648364073,0.32856621954930737,-0.16724335351635927,0.17143378045069263,-8.403615352365938,4.89924059287734,0.00646583833932106,0.006485321713507123,0.2617514182032668,0.25994885928890965,0.33,0.33,0.33275664648364073,0.32856621954930737,-0.16999999999999998,0.16999999999999998,-0.16724335351635927,0.17143378045069263,0.0027566464836407123,0.0014337804506926455,0.003107221623340876,0.00646583833932106,0.006485321713507123,0.24041630560342614,-8.540104546894366,4.858462919034286,-8.403615352365938,4.89924059287734,0.13951710897371747,0.04107477724998584,0.14543777942581484,0.2617514182032668,0.25994885928890965,9.790231559838404
2026_01_08/000,2026_01_08,SYNTHETIC_P01,SYNTHETIC_GP3,Synthetic longitudinal accuracy,synthetic_standard,1767866400.0,2,5,inner_top_left_r1,"0.330000,0.330000",inner_top_left,15.0,15.6,17.34,0.6,35,104,normalised,included,104,0,0.3334913133589079,0.3280137198116365,-0.16650868664109209,0.17198628018836348,-8.367223678437897,4.914952728887151,0.0068439792252547324,0.0065294473796367065,0.2823464246747736,0.2649541125151375,0.33,0.33,0.3334913133589079,0.3280137198116365,-0.16999999999999998,0.16999999999999998,-0.16650868664109209,0.17198628018836348,0.0034913133589078993,0.0019862801883634984,0.004016787019095498,0.0068439792252547324,0.0065294473796367065,0.24041630560342614,-8.540104546894366,4.858462919034286,-8.367223678437897,4.914952728887151,0.17669924951201657,0.05690271715361079,0.18563540324205854,0.2823464246747736,0.2649541125151375,9.790231559838404
2026_01_08/000,2026_01_08,SYNTHETIC_P01,SYNTHETIC_GP3,Synthetic longitudinal accuracy,synthetic_standard,1767866400.0,2,6,top_left_r1,"0.150000,0.150000",top_left,18.0,18.6,20.34,0.6,35,104,normalised,included,104,0,0.1531857267420355,0.1477011064576049,-0.3468142732579645,0.3522988935423951,-17.03258208159257,9.990134476935603,0.006529956958111843,0.006253664959156264,0.26587014165863704,0.25466281852064043,0.15,0.15,0.1531857267420355,0.1477011064576049,-0.35,0.35,-0.3468142732579645,0.3522988935423951,0.003185726742035516,0.0022988935423950974,0.003928583255346144,0.006529956958111843,0.006253664959156264,0.49497474683058323,-17.179865595874652,9.926245506651705,-17.03258208159257,9.990134476935603,0.16123325675335362,0.06585841975990925,0.17416500435220297,0.26587014165863704,0.25466281852064043,19.55804506682334
2026_01_08/000,2026_01_08,SYNTHETIC_P01,SYNTHETIC_GP3,Synthetic longitudinal accuracy,synthetic_standard,1767866400.0,2,7,bottom_right_r1,"0.850000,0.850000",bottom_right,21.0,21.6,23.34,0.6,36,104,normalised,included,104,0,0.852877403936345,0.8480881527629973,0.35287740393634504,-0.3480881527629973,17.31269377752575,-9.873094006638361,0.006782447489885822,0.006748907433012525,0.27403093242076854,0.2669969725296249,0.85,0.85,0.852877403936345,0.8480881527629973,0.35,-0.35,0.35287740393634504,-0.3480881527629973,0.0028774039363450576,0.0019118472370026618,0.003454650962185434,0.006782447489885822,0.006748907433012525,0.49497474683058323,17.179865595874652,-9.926245506651705,17.31269377752575,-9.873094006638361,0.14562875939776443,0.05477037219413199,0.15558760681655306,0.27403093242076854,0.2669969725296249,19.55804506682334
2026_01_08/000,2026_01_08,SYNTHETIC_P01,SYNTHETIC_GP3,Synthetic longitudinal accuracy,synthetic_standard,1767866400.0,2,8,inner_top_right_r1,"0.660000,0.330000",inner_top_right,24.0,24.6,26.34,0.6,36,104,normalised,included,104,0,0.6637680710134172,0.32825804325647734,0.16376807101341717,0.17174195674352266,8.23140768549521,4.908004684358664,0.00621791128184049,0.00569403304406424,0.2641737503235758,0.23568611099860276,0.66,0.33,0.6637680710134172,0.32825804325647734,0.16000000000000003,0.16999999999999998,0.16376807101341717,0.17174195674352266,0.0037680710134171402,0.0017419567435226768,0.0041512374611022435,0.00621791128184049,0.00569403304406424,0.23345235059857505,8.044522463335591,4.858462919034286,8.23140768549521,4.908004684358664,0.19070616235628035,0.04990337213014898,0.19712724348708943,0.2641737503235758,0.23568611099860276,9.365177315044619
2026_01_08/000,2026_01_08,SYNTHETIC_P01,SYNTHETIC_GP3,Synthetic longitudinal accuracy,synthetic_standard,1767866400.0,2,9,bottom_right_r2,"0.850000,0.850000",bottom_right,27.0,27.6,29.34,0.6,36,104,normalised,included,104,0,0.8529199202149899,0.848312469192117,0.35291992021498986,-0.348312469192117,17.314655000902896,-9.87933114588428,0.006072812927553232,0.006092524898628617,0.2527289660502417,0.2527299132184282,0.85,0.85,0.8529199202149899,0.848312469192117,0.35,-0.35,0.35291992021498986,-0.348312469192117,0.0029199202149898795,0.0016875308078829754,0.003372490813843784,0.006072812927553232,0.006092524898628617,0.49497474683058323,17.179865595874652,-9.926245506651705,17.314655000902896,-9.87933114588428,0.14778054822901251,0.048344185072279874,0.15548707320681973,0.2527289660502417,0.2527299132184282,19.55804506682334
2026_01_08/000,2026_01_08,SYNTHETIC_P01,SYNTHETIC_GP3,Synthetic longitudinal accuracy,synthetic_standard,1767866400.0,2,10,centre_r2,"0.500000,0.500000",centre,30.0,30.6,32.34,0.6,35,104,normalised,included,104,0,0.5025898405330962,0.49768100477478466,0.0025898405330961882,0.0023189952252153367,0.13107489474507403,0.06643428978573652,0.006331337206479681,0.00625180612516647,0.2476964135189713,0.24350823136767272,0.5,0.5,0.5025898405330962,0.49768100477478466,0.0,-0.0,0.0025898405330961882,0.0023189952252153367,0.0025898405330961882,0.0023189952252153367,0.003476350506125566,0.006331337206479681,0.00625180612516647,0.0,0.0,-0.0,0.13107489474507403,0.06643428978573652,0.13107489474507403,0.06643428978573652,0.14694935213960397,0.2476964135189713,0.24350823136767272,0.0
2026_01_08/000,2026_01_08,SYNTHETIC_P01,SYNTHETIC_GP3,Synthetic longitudinal accuracy,synthetic_standard,1767866400.0,2,11,bottom_left_r2,"0.150000,0.850000",bottom_left,33.0,33.6,35.34,0.6,36,104,normalised,included,104,0,0.15324652262486468,0.8476837948437486,-0.3467534773751353,-0.34768379484374856,-17.02976908362084,-9.861850200021617,0.006505548122615029,0.006050556545635323,0.274692863435324,0.2584518860210307,0.15,0.85,0.15324652262486468,0.8476837948437486,-0.35,-0.35,-0.3467534773751353,-0.34768379484374856,0.0032465226248646895,0.0023162051562514163,0.003988071649256563,0.006505548122615029,0.006050556545635323,0.49497474683058323,-17.179865595874652,-9.926245506651705,-17.02976908362084,-9.861850200021617,0.16431018887586518,0.06635436030497571,0.17720240128390022,0.274692863435324,0.2584518860210307,19.55804506682334
2026_01_08/000,2026_01_08,SYNTHETIC_P01,SYNTHETIC_GP3,Synthetic longitudinal accuracy,synthetic_standard,1767866400.0,2,12,top_left_r2,"0.150000,0.150000",top_left,36.0,36.6,38.34,0.6,36,104,normalised,included,104,0,0.15348344182919454,0.14834785322486838,-0.34651655817080546,0.3516521467751316,-17.01880613211098,9.97216314940025,0.006350399320891852,0.005867003157294607,0.26873118723867795,0.24119203841287842,0.15,0.15,0.15348344182919454,0.14834785322486838,-0.35,0.35,-0.34651655817080546,0.3516521467751316,0.00348344182919455,0.0016521467751316188,0.0038553801296318476,0.006350399320891852,0.005867003157294607,0.49497474683058323,-17.179865595874652,9.926245506651705,-17.01880613211098,9.97216314940025,0.17630086516190344,0.047330507909528224,0.1825435393422738,0.26873118723867795,0.24119203841287842,19.55804506682334
2026_01_08/000,2026_01_08,SYNTHETIC_P01,SYNTHETIC_GP3,Synthetic longitudinal accuracy,synthetic_standard,1767866400.0,2,13,top_left_r2,"0.150000,0.150000",top_left,39.0,39.6,41.34,0.6,36,104,normalised,included,104,0,0.15351251031336066,0.147640430613911,-0.34648748968663934,0.35235956938608903,-17.017460959007025,9.991820391200697,0.006647348644223769,0.005944923812194095,0.27272984821381885,0.24055624737694134,0.15,0.15,0.15351251031336066,0.147640430613911,-0.35,0.35,-0.34648748968663934,0.35235956938608903,0.003512510313360667,0.002359569386089,0.004231465040530699,0.006647348644223769,0.005944923812194095,0.49497474683058323,-17.179865595874652,9.926245506651705,-17.017460959007025,9.991820391200697,0.17777204407190647,0.0675966522831874,0.1901897694497186,0.27272984821381885,0.24055624737694134,19.55804506682334
2026_01_08/000,2026_01_08,SYNTHETIC_P01,SYNTHETIC_GP3,Synthetic longitudinal accuracy,synthetic_standard,1767866400.0,2,14,top_right_r2,"0.850000,0.150000",top_right,42.0,42.6,44.34,0.6,35,104,normalised,included,104,0,0.8537432490924578,0.14824060045853782,0.3537432490924578,0.3517593995414622,17.35262588705988,9.97514354826263,0.006493017623453023,0.0059886801368156245,0.2738280380340247,0.2400914719029141,0.85,0.15,0.8537432490924578,0.14824060045853782,0.35,0.35,0.3537432490924578,0.3517593995414622,0.0037432490924578232,0.0017593995414621755,0.004136109345107263,0.006493017623453023,0.0059886801368156245,0.49497474683058323,17.179865595874652,9.926245506651705,17.35262588705988,9.97514354826263,0.18944990719159693,0.05040307109968361,0.1960400466174339,0.2738280380340247,0.2400914719029141,19.55804506682334
2026_01_08/000,2026_01_08,SYNTHETIC_P01,SYNTHETIC_GP3,Synthetic longitudinal accuracy,synthetic_standard,1767866400.0,2,15,inner_top_left_r2,"0.330000,0.330000",inner_top_left,45.0,45.6,47.34,0.6,35,104,normalised,included,104,0,0.33390378760963313,0.32826345358286163,-0.16609621239036687,0.17173654641713837,-8.34678881162878,4.9078508244253305,0.007314165939986839,0.006882741511291349,0.30645568700000225,0.27572155437345935,0.33,0.33,0.33390378760963313,0.32826345358286163,-0.16999999999999998,0.16999999999999998,-0.16609621239036687,0.17173654641713837,0.0039037876096331137,0.0017365464171383849,0.0042726047277979245,0.007314165939986839,0.006882741511291349,0.24041630560342614,-8.540104546894366,4.858462919034286,-8.34678881162878,4.9078508244253305,0.19757487303930835,0.04974837781355928,0.2037417294348591,0.30645568700000225,0.27572155437345935,9.790231559838404
2026_01_08/000,2026_01_08,SYNTHETIC_P01,SYNTHETIC_GP3,Synthetic longitudinal accuracy,synthetic_standard,1767866400.0,2,16,inner_bottom_left_r2,"0.330000,0.660000",inner_bottom_left,48.0,48.6,50.34,0.6,36,104,normalised,included,104,0,0.33306768956213106,0.657649618073298,-0.16693231043786894,-0.15764961807329803,-8.388208686418649,-4.507009751141168,0.006293150526889295,0.005896342662779124,0.260868527379139,0.24149568680856584,0.33,0.66,0.33306768956213106,0.657649618073298,-0.16999999999999998,-0.16000000000000003,-0.16693231043786894,-0.15764961807329803,0.0030676895621310485,0.0023503819267020054,0.0038645846414556914,0.006293150526889295,0.005896342662779124,0.23345235059857505,-8.540104546894366,-4.573921259900862,-8.388208686418649,-4.507009751141168,0.15525929052273524,0.06733345132444878,0.16923119267019734,0.260868527379139,0.24149568680856584,9.656235306212883
2026_01_08/000,2026_01_08,SYNTHETIC_P01,SYNTHETIC_GP3,Synthetic longitudinal accuracy,synthetic_standard,1767866400.0,2,17,bottom_right_r2,"0.850000,0.850000",bottom_right,51.0,51.6,53.34,0.6,36,104,normalised,included,104,0,0.854129190397627,0.8470867011257167,0.354129190397627,-0.3470867011257167,17.370419601799476,-9.84524566932773,0.007463812794616225,0.006622539702346088,0.30525297601762696,0.2628908032950475,0.85,0.85,0.854129190397627,0.8470867011257167,0.35,-0.35,0.354129190397627,-0.3470867011257167,0.004129190397627047,0.0029132988742832655,0.005053466500408958,0.007463812794616225,0.006622539702346088,0.49497474683058323,17.179865595874652,-9.926245506651705,17.370419601799476,-9.84524566932773,0.2089826511961562,0.08345980594924976,0.22503147369557974,0.30525297601762696,0.2628908032950475,19.55804506682334
2026_01_08/000,2026_01_08,SYNTHETIC_P01,SYNTHETIC_GP3,Synthetic longitudinal accuracy,synthetic_standard,1767866400.0,2,18,inner_bottom_right_r3,"0.660000,0.660000",inner_bottom_right,54.0,54.6,56.34,0.6,36,104,normalised,included,104,0,0.6634325018946347,0.6586022011569173,0.16343250189463465,-0.15860220115691726,8.214771537938296,-4.53412972021171,0.0067162832750955435,0.006830570615258132,0.280726197032032,0.2815873834890494,0.66,0.66,0.6634325018946347,0.6586022011569173,0.16000000000000003,-0.16000000000000003,0.16343250189463465,-0.15860220115691726,0.003432501894634621,0.001397798843082776,0.0037061989777120454,0.0067162832750955435,0.006830570615258132,0.22627416997969527,8.044522463335591,-4.573921259900862,8.214771537938296,-4.53412972021171,0.17372275433794926,0.04004398063849071,0.17827814253254556,0.280726197032032,0.2815873834890494,9.224536194561267
2026_01_08/000,2026_01_08,SYNTHETIC_P01,SYNTHETIC_GP3,Synthetic longitudinal accuracy,synthetic_standard,1767866400.0,2,19,bottom_left_r3,"0.150000,0.850000",bottom_left,57.0,57.6,59.34,0.6,35,104,normalised,included,104,0,0.1534851960862035,0.8487630238149854,-0.3465148039137965,-0.34876302381498536,-17.018724952665977,-9.891858144560397,0.00649953882761011,0.006295338071432657,0.27140282867167154,0.2552487950097911,0.15,0.85,0.1534851960862035,0.8487630238149854,-0.35,-0.35,-0.3465148039137965,-0.34876302381498536,0.0034851960862035125,0.0012369761850146155,0.0036982025149498764,0.00649953882761011,0.006295338071432657,0.49497474683058323,-17.179865595874652,-9.926245506651705,-17.018724952665977,-9.891858144560397,0.17638964949932293,0.03543675286125496,0.1799140240086757,0.27140282867167154,0.2552487950097911,19.55804506682334
2026_01_08/000,2026_01_08,SYNTHETIC_P01,SYNTHETIC_GP3,Synthetic longitudinal accuracy,synthetic_standard,1767866400.0,2,20,inner_top_right_r3,"0.660000,0.330000",inner_top_right,60.0,60.6,62.34,0.6,36,103,normalised,included,103,0,0.663839706206594,0.32775550461639147,0.16383970620659405,0.17224449538360853,8.23495888514288,4.922295668055016,0.006972194512887155,0.006632295095285901,0.2933984330740936,0.2845637077032733,0.66,0.33,0.663839706206594,0.32775550461639147,0.16000000000000003,0.16999999999999998,0.16383970620659405,0.17224449538360853,0.003839706206594018,0.002244495383608547,0.004447595224387748,0.006972194512887155,0.006632295095285901,0.23345235059857505,8.044522463335591,4.858462919034286,8.23495888514288,4.922295668055016,0.19433166966178278,0.06430002931468518,0.2046930096197557,0.2933984330740936,0.2845637077032733,9.365177315044619
2026_01_08/000,2026_01_08,SYNTHETIC_P01,SYNTHETIC_GP3,Synthetic longitudinal accuracy,synthetic_standard,1767866400.0,2,21,inner_bottom_right_r3,"0.660000,0.660000",inner_bottom_right,63.0,63.6,65.34,0.6,36,104,normalised,included,104,0,0.6637822083794513,0.6581057658980055,0.16378220837945134,-0.1581057658980055,8.232108527754765,-4.519996498822609,0.006477342355326387,0.006014935753392813,0.27445037839234493,0.2531361707185188,0.66,0.66,0.6637822083794513,0.6581057658980055,0.16000000000000003,-0.16000000000000003,0.16378220837945134,-0.1581057658980055,0.003782208379451313,0.0018942341019945186,0.004230038186441194,0.006477342355326387,0.006014935753392813,0.22627416997969527,8.044522463335591,-4.573921259900862,8.232108527754765,-4.519996498822609,0.1914216644760459,0.05426579350099587,0.1989647862052947,0.27445037839234493,0.2531361707185188,9.224536194561267
2026_01_08/000,2026_01_08,SYNTHETIC_P01,SYNTHETIC_GP3,Synthetic longitudinal accuracy,synthetic_standard,1767866400.0,2,22,centre_r3,"0.500000,0.500000",centre,66.0,66.6,68.34,0.6,36,104,normalised,included,104,0,0.5041745898321528,0.4980838099122217,0.0041745898321527974,0.0019161900877783244,0.21128034341559565,0.054894785590436125,0.007255718867625231,0.006596007589107483,0.29713768847220395,0.2619431744561802,0.5,0.5,0.5041745898321528,0.4980838099122217,0.0,-0.0,0.0041745898321527974,0.0019161900877783244,0.0041745898321527974,0.0019161900877783244,0.00459336311641192,0.007255718867625231,0.006596007589107483,0.0,0.0,-0.0,0.21128034341559565,0.054894785590436125,0.21128034341559565,0.054894785590436125,0.2182951359143181,0.29713768847220395,0.2619431744561802,0.0
2026_01_08/000,2026_01_08,SYNTHETIC_P01,SYNTHETIC_GP3,Synthetic longitudinal accuracy,synthetic_standard,1767866400.0,2,23,inner_bottom_left_r3,"0.330000,0.660000",inner_bottom_left,69.0,69.6,71.34,0.6,35,104,normalised,included,104,0,0.3337330140524735,0.6576411141526084,-0.16626698594752648,-0.1576411141526084,-8.355249562864905,-4.506767636023699,0.006663765714827522,0.005754788480075196,0.2781260501305054,0.23554323308006142,0.33,0.66,0.3337330140524735,0.6576411141526084,-0.16999999999999998,-0.16000000000000003,-0.16626698594752648,-0.1576411141526084,0.0037330140524735045,0.002358885847391634,0.004415850581370389,0.006663765714827522,0.005754788480075196,0.23345235059857505,-8.540104546894366,-4.573921259900862,-8.355249562864905,-4.506767636023699,0.18893190444795885,0.06757707036918895,0.200653578965283,0.2781260501305054,0.23554323308006142,9.656235306212883
2026_01_08/000,2026_01_08,SYNTHETIC_P01,SYNTHETIC_GP3,Synthetic longitudinal accuracy,synthetic_standard,1767866400.0,2,24,inner_top_right_r3,"0.660000,0.330000",inner_top_right,72.0,72.6,74.34,0.6,35,104,normalised,included,104,0,0.6634076562113506,0.3279828272520462,0.16340765621135056,0.1720171727479538,8.213539734857248,4.915831237945144,0.006318629298804102,0.005826385990345844,0.2668247392963448,0.24051697964183377,0.66,0.33,0.6634076562113506,0.3279828272520462,0.16000000000000003,0.16999999999999998,0.16340765621135056,0.1720171727479538,0.0034076562113505293,0.0020171727479538215,0.003959937720450085,0.006318629298804102,0.005826385990345844,0.23345235059857505,8.044522463335591,4.858462919034286,8.213539734857248,4.915831237945144,0.17246529418235368,0.0577877229084998,0.18188913731601386,0.2668247392963448,0.24051697964183377,9.365177315044619
2026_01_08/000,2026_01_08,SYNTHETIC_P01,SYNTHETIC_GP3,Synthetic longitudinal accuracy,synthetic_standard,1767866400.0,2,25,bottom_left_r3,"0.150000,0.850000",bottom_left,75.0,75.6,77.34,0.6,36,104,normalised,included,104,0,0.1534252062276336,0.8475496895054133,-0.34657479377236644,-0.3475496895054133,-17.021500984504858,-9.858121021143868,0.007091601056851386,0.006653875989637966,0.2830474912829191,0.26365169643613706,0.15,0.85,0.1534252062276336,0.8475496895054133,-0.35,-0.35,-0.34657479377236644,-0.3475496895054133,0.0034252062276335926,0.0024503104945866605,0.004211420095609255,0.007091601056851386,0.006653875989637966,0.49497474683058323,-17.179865595874652,-9.926245506651705,-17.021500984504858,-9.858121021143868,0.17335351473896057,0.07019618979660905,0.18702643126445043,0.2830474912829191,0.26365169643613706,19.55804506682334
2026_01_08/000,2026_01_08,SYNTHETIC_P01,SYNTHETIC_GP3,Synthetic longitudinal accuracy,synthetic_standard,1767866400.0,2,26,top_right_r3,"0.850000,0.150000",top_right,78.0,78.6,80.34,0.6,36,104,normalised,included,104,0,0.8540554841491972,0.14718954707070292,0.3540554841491972,0.3528104529292971,17.3670216630112,10.004347909845587,0.006813117756719009,0.005870971360828915,0.28519215982811785,0.24702401866076784,0.85,0.15,0.8540554841491972,0.14718954707070292,0.35,0.35,0.3540554841491972,0.3528104529292971,0.004055484149197208,0.002810452929297075,0.004934125794118378,0.006813117756719009,0.005870971360828915,0.49497474683058323,17.179865595874652,9.926245506651705,17.3670216630112,10.004347909845587,0.20525233296310982,0.08051349268884948,0.2204786424424796,0.28519215982811785,0.24702401866076784,19.55804506682334
2026_01_15/000,2026_01_15,SYNTHETIC_P01,SYNTHETIC_GP3,Synthetic longitudinal accuracy,synthetic_standard,1768471200.0,3,0,top_right_r1,"0.850000,0.150000",top_right,0.0,0.6,2.34,0.6,35,104,normalised,included,104,0,0.8547637830914676,0.1470653012959065,0.3547637830914676,0.3529346987040935,17.39966980299954,10.007799831595344,0.007817930718430269,0.006633278152582854,0.32762793268733054,0.2702634633965402,0.85,0.15,0.8547637830914676,0.1470653012959065,0.35,0.35,0.3547637830914676,0.3529346987040935,0.004763783091467633,0.0029346987040934913,0.005595184163757341,0.007817930718430269,0.006633278152582854,0.49497474683058323,17.179865595874652,9.926245506651705,17.39966980299954,10.007799831595344,0.2410996982592807,0.08407286460407853,0.25533731452194863,0.32762793268733054,0.2702634633965402,19.55804506682334
2026_01_15/000,2026_01_15,SYNTHETIC_P01,SYNTHETIC_GP3,Synthetic longitudinal accuracy,synthetic_standard,1768471200.0,3,1,inner_bottom_right_r1,"0.660000,0.660000",inner_bottom_right,3.0,3.6,5.34,0.6,35,104,normalised,included,104,0,0.665104115480682,0.6571501579512563,0.16510411548068205,-0.1571501579512563,8.297629434550139,-4.49278934933435,0.008078616574953493,0.0067482430273233755,0.3508460252308012,0.2910583947387014,0.66,0.66,0.665104115480682,0.6571501579512563,0.16000000000000003,-0.16000000000000003,0.16510411548068205,-0.1571501579512563,0.005104115480682014,0.0028498420487437226,0.005845818552001559,0.008078616574953493,0.0067482430273233755,0.22627416997969527,8.044522463335591,-4.573921259900862,8.297629434550139,-4.49278934933435,0.25832402604198895,0.0816419055807558,0.27091792580894425,0.3508460252308012,0.2910583947387014,9.224536194561267
2026_01_15/000,2026_01_15,SYNTHETIC_P01,SYNTHETIC_GP3,Synthetic longitudinal accuracy,synthetic_standard,1768471200.0,3,2,inner_bottom_left_r1,"0.330000,0.660000",inner_bottom_left,6.0,6.6,8.34,0.6,36,104,normalised,included,104,0,0.3348929904463533,0.6575744796123403,-0.1651070095536467,-0.15757447961234028,-8.297772856639778,-4.5048704785116644,0.007388288443316454,0.006348625776172372,0.31877744184668394,0.26620006846374505,0.33,0.66,0.3348929904463533,0.6575744796123403,-0.16999999999999998,-0.16000000000000003,-0.1651070095536467,-0.15757447961234028,0.004892990446353274,0.002425520387659752,0.0054611816174759764,0.007388288443316454,0.006348625776172372,0.23345235059857505,-8.540104546894366,-4.573921259900862,-8.297772856639778,-4.5048704785116644,0.24763892786795574,0.06948600660155453,0.2572026894277382,0.31877744184668394,0.26620006846374505,9.656235306212883
2026_01_15/000,2026_01_15,SYNTHETIC_P01,SYNTHETIC_GP3,Synthetic longitudinal accuracy,synthetic_standard,1768471200.0,3,3,centre_r1,"0.500000,0.500000",centre,9.0,9.6,11.34,0.6,36,104,normalised,included,104,0,0.5052343541638054,0.4969068497148802,0.005234354163805355,0.0030931502851198056,0.26491543400909673,0.08861215771825515,0.00816412829823926,0.006631290588309647,0.3448651727424125,0.26784942635357084,0.5,0.5,0.5052343541638054,0.4969068497148802,0.0,-0.0,0.005234354163805355,0.0030931502851198056,0.005234354163805355,0.0030931502851198056,0.006079970575461956,0.00816412829823926,0.006631290588309647,0.0,0.0,-0.0,0.26491543400909673,0.08861215771825515,0.26491543400909673,0.08861215771825515,0.2793422235475456,0.3448651727424125,0.26784942635357084,0.0
2026_01_15/000,2026_01_15,SYNTHETIC_P01,SYNTHETIC_GP3,Synthetic longitudinal accuracy,synthetic_standard,1768471200.0,3,4,inner_top_left_r1,"0.330000,0.330000",inner_top_left,12.0,12.6,14.34,0.6,36,104,normalised,included,104,0,0.3342354332763223,0.3277076087063968,-0.16576456672367768,0.1722923912936032,-8.330356816299474,4.923657679896573,0.008043344306581669,0.007480576233229509,0.32699454236348235,0.2915074039626158,0.33,0.33,0.3342354332763223,0.3277076087063968,-0.16999999999999998,0.16999999999999998,-0.16576456672367768,0.1722923912936032,0.004235433276322309,0.002292391293603202,0.004816010058250096,0.008043344306581669,0.007480576233229509,0.24041630560342614,-8.540104546894366,4.858462919034286,-8.330356816299474,4.923657679896573,0.21435966502594755,0.0656721442987663,0.22419370204672495,0.32699454236348235,0.2915074039626158,9.790231559838404
2026_01_15/000,2026_01_15,SYNTHETIC_P01,SYNTHETIC_GP3,Synthetic longitudinal accuracy,synthetic_standard,1768471200.0,3,5,inner_top_left_r1,"0.330000,0.330000",inner_top_left,15.0,15.6,17.34,0.6,35,104,normalised,included,104,0,0.33557719854410745,0.3261890319297843,-0.16442280145589255,0.17381096807021568,-8.263862523542597,4.966838415846025,0.008713076058432453,0.006960243724066847,0.36690234830620594,0.29129091420348346,0.33,0.33,0.33557719854410745,0.3261890319297843,-0.16999999999999998,0.16999999999999998,-0.16442280145589255,0.17381096807021568,0.005577198544107431,0.0038109680702156923,0.006754896093397556,0.008713076058432453,0.006960243724066847,0.24041630560342614,-8.540104546894366,4.858462919034286,-8.263862523542597,4.966838415846025,0.28226682838884043,0.10917606100669218,0.30264432754394327,0.36690234830620594,0.29129091420348346,9.790231559838404
2026_01_15/000,2026_01_15,SYNTHETIC_P01,SYNTHETIC_GP3,Synthetic longitudinal accuracy,synthetic_standard,1768471200.0,3,6,top_left_r1,"0.150000,0.150000",top_left,18.0,18.6,20.34,0.6,35,104,normalised,included,104,0,0.15514250384148726,0.14608752028047955,-0.34485749615851274,0.35391247971952045,-16.942000478346234,10.03496296897969,0.00884992544296464,0.00723385673238441,0.36110793451732615,0.2883249065299009,0.15,0.15,0.15514250384148726,0.14608752028047955,-0.35,0.35,-0.34485749615851274,0.35391247971952045,0.0051425038414872615,0.00391247971952044,0.0064616440102631765,0.00884992544296464,0.00723385673238441,0.49497474683058323,-17.179865595874652,9.926245506651705,-16.942000478346234,10.03496296897969,0.2602668700171134,0.11208414470235628,0.28337493447681206,0.36110793451732615,0.2883249065299009,19.55804506682334
2026_01_15/000,2026_01_15,SYNTHETIC_P01,SYNTHETIC_GP3,Synthetic longitudinal accuracy,synthetic_standard,1768471200.0,3,7,bottom_right_r1,"0.850000,0.850000",bottom_right,21.0,21.6,23.34,0.6,36,104,normalised,included,104,0,0.8549704160192977,0.8477643199879091,0.3549704160192977,-0.34776431998790913,17.40919208985538,-9.864089389250621,0.008058960377810261,0.007153893926202873,0.3460919659189249,0.2958869490782168,0.85,0.85,0.8549704160192977,0.8477643199879091,0.35,-0.35,0.3549704160192977,-0.34776431998790913,0.004970416019297708,0.002235680012090846,0.005450073441831201,0.008058960377810261,0.007153893926202873,0.49497474683058323,17.179865595874652,-9.926245506651705,17.40919208985538,-9.864089389250621,0.25155746022633074,0.06404748784009637,0.2595826093236703,0.3460919659189249,0.2958869490782168,19.55804506682334
2026_01_15/000,2026_01_15,SYNTHETIC_P01,SYNTHETIC_GP3,Synthetic longitudinal accuracy,synthetic_standard,1768471200.0,3,8,inner_top_right_r1,"0.660000,0.330000",inner_top_right,24.0,24.6,26.34,0.6,36,104,normalised,included,104,0,0.6648427968934095,0.3267075966063562,0.16484279689340953,0.17329240339364382,8.284678791344014,4.952093660936168,0.00809424516860809,0.006762514904656731,0.3383092249380263,0.27452885461449783,0.66,0.33,0.6648427968934095,0.3267075966063562,0.16000000000000003,0.16999999999999998,0.16484279689340953,0.17329240339364382,0.004842796893409496,0.003292403393643839,0.005855988546547382,0.00809424516860809,0.006762514904656731,0.23345235059857505,8.044522463335591,4.858462919034286,8.284678791344014,4.952093660936168,0.24509861528232973,0.09432032425316733,0.2626203299818278,0.3383092249380263,0.27452885461449783,9.365177315044619
2026_01_15/000,2026_01_15,SYNTHETIC_P01,SYNTHETIC_GP3,Synthetic longitudinal accuracy,synthetic_standard,1768471200.0,3,9,bottom_right_r2,"0.850000,0.850000",bottom_right,27.0,27.6,29.34,0.6,36,104,normalised,included,104,0,0.8549531605548994,0.8465242958715243,0.35495316055489945,-0.34652429587152433,17.408396942451144,-9.829604259635817,0.008646786835623465,0.007280559353036327,0.35480665405632233,0.2869082024702585,0.85,0.85,0.8549531605548994,0.8465242958715243,0.35,-0.35,0.35495316055489945,-0.34652429587152433,0.004953160554899472,0.003475704128475643,0.006050976670861876,0.008646786835623465,0.007280559353036327,0.49497474683058323,17.179865595874652,-9.926245506651705,17.408396942451144,-9.829604259635817,0.25068415600198196,0.0995714884593995,0.2697346368763296,0.35480665405632233,0.2869082024702585,19.55804506682334
2026_01_15/000,2026_01_15,SYNTHETIC_P01,SYNTHETIC_GP3,Synthetic longitudinal accuracy,synthetic_standard,1768471200.0,3,10,centre_r2,"0.500000,0.500000",centre,30.0,30.6,32.34,0.6,35,104,normalised,included,104,0,0.5047305570956532,0.4968342485761931,0.004730557095653176,0.003165751423806873,0.23941811791996753,0.09069202204306483,0.008362285948121675,0.007389815790368972,0.3507196075471179,0.30457156295434473,0.5,0.5,0.5047305570956532,0.4968342485761931,0.0,-0.0,0.004730557095653176,0.003165751423806873,0.004730557095653176,0.003165751423806873,0.005692113185150999,0.008362285948121675,0.007389815790368972,0.0,0.0,-0.0,0.23941811791996753,0.09069202204306483,0.23941811791996753,0.09069202204306483,0.2560193089644567,0.3507196075471179,0.30457156295434473,0.0
2026_01_15/000,2026_01_15,SYNTHETIC_P01,SYNTHETIC_GP3,Synthetic longitudinal accuracy,synthetic_standard,1768471200.0,3,11,bottom_left_r2,"0.150000,0.850000",bottom_left,33.0,33.6,35.34,0.6,36,104,normalised,included,104,0,0.1556016783999555,0.847307536454408,-0.34439832160004447,-0.34730753645440804,-16.92073206384435,-9.851387055825466,0.008177508228488319,0.006630312243623707,0.3473272981859355,0.26326581604561194,0.15,0.85,0.1556016783999555,0.847307536454408,-0.35,-0.35,-0.34439832160004447,-0.34730753645440804,0.005601678399955512,0.002692463545591939,0.0062151557374590105,0.008177508228488319,0.006630312243623707,0.49497474683058323,-17.179865595874652,-9.926245506651705,-16.92073206384435,-9.851387055825466,0.2835057548275899,0.07713335223036015,0.2938109474231391,0.3473272981859355,0.26326581604561194,19.55804506682334
2026_01_15/000,2026_01_15,SYNTHETIC_P01,SYNTHETIC_GP3,Synthetic longitudinal accuracy,synthetic_standard,1768471200.0,3,12,top_left_r2,"0.150000,0.150000",top_left,36.0,36.6,38.34,0.6,36,104,normalised,included,104,0,0.154660674255942,0.14616052197657353,-0.345339325744058,0.35383947802342647,-16.964313075814903,10.032935110702882,0.008113806684894505,0.006692029894481465,0.3360631814650418,0.2809261790991174,0.15,0.15,0.154660674255942,0.14616052197657353,-0.35,0.35,-0.345339325744058,0.35383947802342647,0.004660674255941993,0.0038394780234264625,0.006038499483512045,0.008113806684894505,0.006692029894481465,0.49497474683058323,-17.179865595874652,9.926245506651705,-16.964313075814903,10.032935110702882,0.23588131936686627,0.10999280801549643,0.26026552064654657,0.3360631814650418,0.2809261790991174,19.55804506682334
2026_01_15/000,2026_01_15,SYNTHETIC_P01,SYNTHETIC_GP3,Synthetic longitudinal accuracy,synthetic_standard,1768471200.0,3,13,top_left_r2,"0.150000,0.150000",top_left,39.0,39.6,41.34,0.6,36,104,normalised,included,104,0,0.15480485690247855,0.14720221833240565,-0.3451951430975214,0.35279778166759435,-16.957636811408136,10.003995859916504,0.008122300945500916,0.007034038873973498,0.3348646893624236,0.27826240658566503,0.15,0.15,0.15480485690247855,0.14720221833240565,-0.35,0.35,-0.3451951430975214,0.35279778166759435,0.00480485690247856,0.00279778166759434,0.005560056844387729,0.008122300945500916,0.007034038873973498,0.49497474683058323,-17.179865595874652,9.926245506651705,-16.957636811408136,10.003995859916504,0.24317845894885945,0.08015048849409667,0.25604630324922134,0.3348646893624236,0.27826240658566503,19.55804506682334
2026_01_15/000,2026_01_15,SYNTHETIC_P01,SYNTHETIC_GP3,Synthetic longitudinal accuracy,synthetic_standard,1768471200.0,3,14,top_right_r2,"0.850000,0.150000",top_right,42.0,42.6,44.34,0.6,35,104,normalised,included,104,0,0.8552258836764554,0.14624939452929098,0.35522588367645536,0.353750605470709,17.420963460773194,10.030466353762126,0.008705123654398045,0.007044343664122351,0.3585737640081516,0.280415949316367,0.85,0.15,0.8552258836764554,0.14624939452929098,0.35,0.35,0.35522588367645536,0.353750605470709,0.0052258836764553784,0.0037506054707090175,0.006432487978749373,0.008705123654398045,0.007044343664122351,0.49497474683058323,17.179865595874652,9.926245506651705,17.420963460773194,10.030466353762126,0.2644867410206268,0.10744680609038111,0.2854780627434466,0.3585737640081516,0.280415949316367,19.55804506682334
2026_01_15/000,2026_01_15,SYNTHETIC_P01,SYNTHETIC_GP3,Synthetic longitudinal accuracy,synthetic_standard,1768471200.0,3,15,inner_top_left_r2,"0.330000,0.330000",inner_top_left,45.0,45.6,47.34,0.6,35,104,normalised,included,104,0,0.3349008324774262,0.32677412247506366,-0.1650991675225738,0.17322587752493634,-8.297384227465871,4.95020203126363,0.00833570022178687,0.0069487833551498766,0.35010354309193503,0.2865428100895426,0.33,0.33,0.3349008324774262,0.32677412247506366,-0.16999999999999998,0.16999999999999998,-0.1650991675225738,0.17322587752493634,0.004900832477426176,0.0032258775249363603,0.005867234849371953,0.00833570022178687,0.0069487833551498766,0.24041630560342614,-8.540104546894366,4.858462919034286,-8.297384227465871,4.95020203126363,0.24803581560874752,0.09241450356155825,0.2646922607320392,0.35010354309193503,0.2865428100895426,9.790231559838404
2026_01_15/000,2026_01_15,SYNTHETIC_P01,SYNTHETIC_GP3,Synthetic longitudinal accuracy,synthetic_standard,1768471200.0,3,16,inner_bottom_left_r2,"0.330000,0.660000",inner_bottom_left,48.0,48.6,50.34,0.6,36,104,normalised,included,104,0,0.33477209448319556,0.6575076255945754,-0.16522790551680444,-0.15750762559457543,-8.303764025852077,-4.502967062290131,0.00738488227293836,0.006277915142437873,0.3170220308700765,0.26114067787807327,0.33,0.66,0.33477209448319556,0.6575076255945754,-0.16999999999999998,-0.16000000000000003,-0.16522790551680444,-0.15750762559457543,0.004772094483195544,0.002492374405424602,0.005383754817352011,0.00738488227293836,0.006277915142437873,0.23345235059857505,-8.540104546894366,-4.573921259900862,-8.303764025852077,-4.502967062290131,0.24152034090445318,0.07140123023702273,0.25185331041360337,0.3170220308700765,0.26114067787807327,9.656235306212883
2026_01_15/000,2026_01_15,SYNTHETIC_P01,SYNTHETIC_GP3,Synthetic longitudinal accuracy,synthetic_standard,1768471200.0,3,17,bottom_right_r2,"0.850000,0.850000",bottom_right,51.0,51.6,53.34,0.6,36,104,normalised,included,104,0,0.8548746037561473,0.8466971362451532,0.3548746037561473,-0.3466971362451532,17.40477688666315,-9.834411390638332,0.008343849274171923,0.007333721596547221,0.3491785967242687,0.29770051427773275,0.85,0.85,0.8548746037561473,0.8466971362451532,0.35,-0.35,0.3548746037561473,-0.3466971362451532,0.004874603756147344,0.0033028637548467854,0.005888180598667674,0.008343849274171923,0.007333721596547221,0.49497474683058323,17.179865595874652,-9.926245506651705,17.40477688666315,-9.834411390638332,0.2467083714089407,0.09461999071304997,0.26423047107555664,0.3491785967242687,0.29770051427773275,19.55804506682334
2026_01_15/000,2026_01_15,SYNTHETIC_P01,SYNTHETIC_GP3,Synthetic longitudinal accuracy,synthetic_standard,1768471200.0,3,18,inner_bottom_right_r3,"0.660000,0.660000",inner_bottom_right,54.0,54.6,56.34,0.6,36,104,normalised,included,104,0,0.6655602577176236,0.6567165404884404,0.16556025771762362,-0.15671654048844041,8.320233263135817,-4.480443139956288,0.008516994797996554,0.006997105174565783,0.3599892569002639,0.2872938413268559,0.66,0.66,0.6655602577176236,0.6567165404884404,0.16000000000000003,-0.16000000000000003,0.16556025771762362,-0.15671654048844041,0.0055602577176235846,0.0032834595115596166,0.00645736573615309,0.008516994797996554,0.006997105174565783,0.22627416997969527,8.044522463335591,-4.573921259900862,8.320233263135817,-4.480443139956288,0.2814094523593328,0.09406410159769676,0.2967137517893149,0.3599892569002639,0.2872938413268559,9.224536194561267
2026_01_15/000,2026_01_15,SYNTHETIC_P01,SYNTHETIC_GP3,Synthetic longitudinal accuracy,synthetic_standard,1768471200.0,3,19,bottom_left_r3,"0.150000,0.850000",bottom_left,57.0,57.6,59.34,0.6,35,104,normalised,included,104,0,0.15522035986412835,0.8470176157562352,-0.34477964013587165,-0.34701761575623524,-16.938394619256883,-9.843324372038591,0.00869026650840111,0.007269057981851599,0.36334330213690286,0.28652671152552656,0.15,0.85,0.15522035986412835,0.8470176157562352,-0.35,-0.35,-0.34477964013587165,-0.34701761575623524,0.00522035986412836,0.002982384243764735,0.006012218632789265,0.00869026650840111,0.007269057981851599,0.49497474683058323,-17.179865595874652,-9.926245506651705,-16.938394619256883,-9.843324372038591,0.2642071798039545,0.08543895169816774,0.2776779454074921,0.36334330213690286,0.28652671152552656,19.55804506682334
2026_01_15/000,2026_01_15,SYNTHETIC_P01,SYNTHETIC_GP3,Synthetic longitudinal accuracy,synthetic_standard,1768471200.0,3,20,inner_top_right_r3,"0.660000,0.330000",inner_top_right,60.0,60.6,62.34,0.6,36,103,normalised,included,103,0,0.6658037760192768,0.3271246183720118,0.16580377601927676,0.1728753816279882,8.332299585050636,4.940235677873756,0.00881777110772004,0.007194588816991512,0.377892919460387,0.28547978384985145,0.66,0.33,0.6658037760192768,0.3271246183720118,0.16000000000000003,0.16999999999999998,0.16580377601927676,0.1728753816279882,0.00580377601927673,0.002875381627988227,0.0064770082282257346,0.00881777110772004,0.007194588816991512,0.23345235059857505,8.044522463335591,4.858462919034286,8.332299585050636,4.940235677873756,0.29373391281837047,0.08237355913247861,0.3050652012372262,0.377892919460387,0.28547978384985145,9.365177315044619
2026_01_15/000,2026_01_15,SYNTHETIC_P01,SYNTHETIC_GP3,Synthetic longitudinal accuracy,synthetic_standard,1768471200.0,3,21,inner_bottom_right_r3,"0.660000,0.660000",inner_bottom_right,63.0,63.6,65.34,0.6,36,104,normalised,included,104,0,0.664796795128453,0.6562585160065477,0.16479679512845302,-0.15625851600654772,8.282398909452485,-4.46740154691118,0.008402110424492903,0.007067325901116819,0.35524807138048237,0.295623446470682,0.66,0.66,0.664796795128453,0.6562585160065477,0.16000000000000003,-0.16000000000000003,0.16479679512845302,-0.15625851600654772,0.004796795128452991,0.0037414839934523103,0.006083415650570836,0.008402110424492903,0.007067325901116819,0.22627416997969527,8.044522463335591,-4.573921259900862,8.282398909452485,-4.46740154691118,0.24277044964918348,0.10718549593224626,0.265378873967893,0.35524807138048237,0.295623446470682,9.224536194561267
2026_01_15/000,2026_01_15,SYNTHETIC_P01,SYNTHETIC_GP3,Synthetic longitudinal accuracy,synthetic_standard,1768471200.0,3,22,centre_r3,"0.500000,0.500000",centre,66.0,66.6,68.34,0.6,36,104,normalised,included,104,0,0.504225777799959,0.4964575133935944,0.00422577779995903,0.0035424866064056038,0.21387099591084766,0.10148465963504988,0.007852828217243589,0.0070145175438338595,0.32190735263286735,0.2889501059022309,0.5,0.5,0.504225777799959,0.4964575133935944,0.0,-0.0,0.00422577779995903,0.0035424866064056038,0.00422577779995903,0.0035424866064056038,0.005514200701025459,0.007852828217243589,0.0070145175438338595,0.0,0.0,-0.0,0.21387099591084766,0.10148465963504988,0.21387099591084766,0.10148465963504988,0.23672715876746706,0.32190735263286735,0.2889501059022309,0.0
2026_01_15/000,2026_01_15,SYNTHETIC_P01,SYNTHETIC_GP3,Synthetic longitudinal accuracy,synthetic_standard,1768471200.0,3,23,inner_bottom_left_r3,"0.330000,0.660000",inner_bottom_left,69.0,69.6,71.34,0.6,35,104,normalised,included,104,0,0.33606024234152526,0.6573139832677177,-0.16393975765847474,-0.15731398326771773,-8.239918668542636,-4.497453770570266,0.008846920734648685,0.007156012930798241,0.3856902599906272,0.3018462937339012,0.33,0.66,0.33606024234152526,0.6573139832677177,-0.16999999999999998,-0.16000000000000003,-0.16393975765847474,-0.15731398326771773,0.006060242341525246,0.0026860167322823036,0.006628817626403362,0.008846920734648685,0.007156012930798241,0.23345235059857505,-8.540104546894366,-4.573921259900862,-8.239918668542636,-4.497453770570266,0.3067136431479247,0.07694866496730003,0.31621848412227155,0.3856902599906272,0.3018462937339012,9.656235306212883
2026_01_15/000,2026_01_15,SYNTHETIC_P01,SYNTHETIC_GP3,Synthetic longitudinal accuracy,synthetic_standard,1768471200.0,3,24,inner_top_right_r3,"0.660000,0.330000",inner_top_right,72.0,72.6,74.34,0.6,35,104,normalised,included,104,0,0.6654155322080145,0.3273244320405038,0.16541553220801453,0.17267556795949618,8.313061767828636,4.9345538405808185,0.008058913864895632,0.006584907323815035,0.3471626994481156,0.2655500341322424,0.66,0.33,0.6654155322080145,0.3273244320405038,0.16000000000000003,0.16999999999999998,0.16541553220801453,0.17267556795949618,0.005415532208014495,0.0026755679594961945,0.0060404182803780225,0.008058913864895632,0.006584907323815035,0.23345235059857505,8.044522463335591,4.858462919034286,8.313061767828636,4.9345538405808185,0.2740848823757526,0.07664933021423646,0.2846005328747801,0.3471626994481156,0.2655500341322424,9.365177315044619
2026_01_15/000,2026_01_15,SYNTHETIC_P01,SYNTHETIC_GP3,Synthetic longitudinal accuracy,synthetic_standard,1768471200.0,3,25,bottom_left_r3,"0.150000,0.850000",bottom_left,75.0,75.6,77.34,0.6,36,104,normalised,included,104,0,0.15498412643160117,0.8470321471764912,-0.3450158735683988,-0.3470321471764912,-16.94933521473571,-9.843728499668487,0.008072728026581684,0.0069697568330706105,0.34054240350316084,0.28702500913158563,0.15,0.85,0.15498412643160117,0.8470321471764912,-0.35,-0.35,-0.3450158735683988,-0.3470321471764912,0.004984126431601177,0.0029678528235087542,0.005800833273607712,0.008072728026581684,0.0069697568330706105,0.49497474683058323,-17.179865595874652,-9.926245506651705,-16.94933521473571,-9.843728499668487,0.25225134821846357,0.08502265809385831,0.26619430543599326,0.34054240350316084,0.28702500913158563,19.55804506682334
2026_01_15/000,2026_01_15,SYNTHETIC_P01,SYNTHETIC_GP3,Synthetic longitudinal accuracy,synthetic_standard,1768471200.0,3,26,top_right_r3,"0.850000,0.150000",top_right,78.0,78.6,80.34,0.6,36,104,normalised,included,104,0,0.8556289202608824,0.14628775961396884,0.35562892026088244,0.35371224038603116,17.43953138771677,10.029400612994205,0.008770422330551919,0.006943689144584023,0.36616979017534285,0.27935832130093147,0.85,0.15,0.8556289202608824,0.14628775961396884,0.35,0.35,0.35562892026088244,0.35371224038603116,0.005628920260882464,0.003712240386031157,0.006742808909279119,0.008770422330551919,0.006943689144584023,0.49497474683058323,17.179865595874652,9.926245506651705,17.43953138771677,10.029400612994205,0.28488446613706636,0.10634773119981013,0.3040865438862701,0.36616979017534285,0.27935832130093147,19.55804506682334
