comparison_scope,date,run_id,subject_id,condition,target_id,target_x_deg,target_y_deg,gaze_x_deg,gaze_y_deg,marker_windows,visual_nearest_target_id,visual_target_error_deg,visual_qc_cutoff_deg,visual_qc_status
Calib & Acc,2025_04_11,000,CL98,Calib & Acc,1,-21.0,11.8125,-20.719701235294117,9.835546301470588,3,1,1.996725650565136,4.750563048246421,included
Calib & Acc,2025_04_11,000,CL98,Calib & Acc,2,21.0,11.8125,23.214414782608696,15.252102635869566,2,2,4.090782213967982,5.464972727119959,included
Calib & Acc,2025_04_11,000,CL98,Calib & Acc,3,-10.2,5.7375,-10.774279687500002,6.29447625,2,3,0.8000123139922053,5.857067376852974,included
Calib & Acc,2025_04_11,000,CL98,Calib & Acc,4,9.600000000000001,5.7375,9.502048351648352,8.532804807692308,1,4,2.797020467090389,6.4998798415524215,included
Calib & Acc,2025_04_11,000,CL98,Calib & Acc,5,0.0,-0.0,0.1878571220930234,-3.820718663699128,2,5,3.8253341560522425,9.086495530431277,included
Calib & Acc,2025_04_11,000,CL98,Calib & Acc,6,-10.2,-5.400000000000001,-17.407940368906456,5.63851658596838,3,1,13.183446164808744,4.963861704206112,target_mismatch
Calib & Acc,2025_04_11,000,CL98,Calib & Acc,7,9.600000000000001,-5.400000000000001,9.764391506572295,-5.740787127148634,2,7,0.3783654760457497,6.609789983794532,included
Calib & Acc,2025_04_11,000,CL98,Calib & Acc,8,-21.0,-11.8125,-20.644711822660096,-11.169093152347145,3,8,0.7349843947758998,6.31868568380908,included
Calib & Acc,2025_04_11,000,CL98,Calib & Acc,9,21.0,-11.8125,23.591159999999995,-5.9422274999999996,1,9,6.416713284061882,7.903808475534857,included
Calib & Acc,2025_04_11,003,LW03,Calib & Acc,1,-21.0,11.8125,-21.948508780661214,12.758107472004976,2,1,1.3393440178322615,4.750563048246421,included
Calib & Acc,2025_04_11,003,LW03,Calib & Acc,2,21.0,11.8125,20.107937810520728,12.541618564043121,3,2,1.1521236176430272,5.464972727119959,included
Calib & Acc,2025_04_11,003,LW03,Calib & Acc,3,-10.2,5.7375,-10.651692660083478,7.877644537619436,3,3,2.187291681755225,5.857067376852974,included
Calib & Acc,2025_04_11,003,LW03,Calib & Acc,4,9.600000000000001,5.7375,8.477475386975094,5.595232757894004,3,4,1.131504076450087,6.4998798415524215,included
Calib & Acc,2025_04_11,003,LW03,Calib & Acc,5,0.0,-0.0,-0.49951199867356905,-1.4075996504301689,3,5,1.4936026957360504,9.086495530431277,included
Calib & Acc,2025_04_11,003,LW03,Calib & Acc,6,-10.2,-5.400000000000001,-10.529939049873871,-6.243586959899378,3,6,0.9058138525900045,4.963861704206112,included
Calib & Acc,2025_04_11,003,LW03,Calib & Acc,7,9.600000000000001,-5.400000000000001,8.502665022137888,-6.290195030834915,3,7,1.413007872080979,6.609789983794532,included
Calib & Acc,2025_04_11,003,LW03,Calib & Acc,8,-21.0,-11.8125,-22.52721466707365,-11.45763803291109,3,8,1.5679003970313583,6.31868568380908,included
Calib & Acc,2025_04_11,003,LW03,Calib & Acc,9,21.0,-11.8125,19.941237805605248,-11.767430635062611,3,9,1.0597210160865222,7.903808475534857,included
Calib & Acc,2025_04_11,005,JL98,Calib & Acc,1,-21.0,11.8125,-21.628533836499322,12.58980440128901,2,1,0.9996283888965054,4.750563048246421,included
Calib & Acc,2025_04_11,005,JL98,Calib & Acc,2,21.0,11.8125,19.469839797901283,11.632862116206763,2,2,1.5406686903356277,5.464972727119959,included
Calib & Acc,2025_04_11,005,JL98,Calib & Acc,3,-10.2,5.7375,-9.490020638186573,6.610612968177855,3,3,1.1253430363233,5.857067376852974,included
Calib & Acc,2025_04_11,005,JL98,Calib & Acc,4,9.600000000000001,5.7375,11.651617573849153,3.6065614709851554,3,4,2.9580455851400647,6.4998798415524215,included
Calib & Acc,2025_04_11,005,JL98,Calib & Acc,5,0.0,-0.0,3.3513597619047615,-0.4028506250000003,3,5,3.3754852806340647,9.086495530431277,included
Calib & Acc,2025_04_11,005,JL98,Calib & Acc,6,-10.2,-5.400000000000001,-4.561153823088456,-7.391363905547226,3,6,5.980143510918966,4.963861704206112,robust_centroid_outlier
Calib & Acc,2025_04_11,005,JL98,Calib & Acc,7,9.600000000000001,-5.400000000000001,16.175490183792814,-2.048384856672932,3,7,7.380406169455375,6.609789983794532,robust_centroid_outlier
Calib & Acc,2025_04_11,005,JL98,Calib & Acc,8,-21.0,-11.8125,-19.88903026419678,-9.912532985741104,3,8,2.200938074808681,6.31868568380908,included
Calib & Acc,2025_04_11,005,JL98,Calib & Acc,9,21.0,-11.8125,26.14060131930349,-9.073920356732721,3,9,5.824568686739191,7.903808475534857,included
Calib & Acc,2025_04_11,009,PW78,Calib & Acc,1,-21.0,11.8125,-21.462278378976894,10.934393937080165,3,1,0.9923565676741796,4.750563048246421,included
Calib & Acc,2025_04_11,009,PW78,Calib & Acc,2,21.0,11.8125,22.118256699690402,13.054693054179566,3,2,1.6713891319062801,5.464972727119959,included
Calib & Acc,2025_04_11,009,PW78,Calib & Acc,3,-10.2,5.7375,-11.117876676294031,7.409327760257391,3,3,1.9072245942342039,5.857067376852974,included
Calib & Acc,2025_04_11,009,PW78,Calib & Acc,4,9.600000000000001,5.7375,10.267558945212494,8.168507949308756,3,4,2.520998729657669,6.4998798415524215,included
Calib & Acc,2025_04_11,009,PW78,Calib & Acc,5,0.0,-0.0,-0.1521913450292398,1.9000951315789472,3,5,1.9061803992675577,9.086495530431277,included
Calib & Acc,2025_04_11,009,PW78,Calib & Acc,6,-10.2,-5.400000000000001,-10.4715949115484,-3.637583911001789,3,6,1.7832201958083413,4.963861704206112,included
Calib & Acc,2025_04_11,009,PW78,Calib & Acc,7,9.600000000000001,-5.400000000000001,10.812871604938271,-3.909580902777778,3,7,1.921563586101236,6.609789983794532,included
Calib & Acc,2025_04_11,009,PW78,Calib & Acc,8,-21.0,-11.8125,-22.16568080211046,-10.363028518833902,3,8,1.8600482002149115,6.31868568380908,included
Calib & Acc,2025_04_11,009,PW78,Calib & Acc,9,21.0,-11.8125,22.408437668169,-10.167534637539879,3,9,2.165550209256504,7.903808475534857,included
Calib & Acc,2025_04_12,001,CL98test,Calib & Acc,1,-21.0,11.8125,-21.497423374925727,15.163018686497326,3,1,3.3872415742740087,4.750563048246421,included
Calib & Acc,2025_04_12,001,CL98test,Calib & Acc,2,21.0,11.8125,23.217597025641027,14.26508108653846,3,2,3.306492182688189,5.464972727119959,included
Calib & Acc,2025_04_12,001,CL98test,Calib & Acc,3,-10.2,5.7375,-10.205756788345694,9.019307594679242,3,3,3.2818126438153676,5.857067376852974,included
Calib & Acc,2025_04_12,001,CL98test,Calib & Acc,4,9.600000000000001,5.7375,12.250716930763568,8.233027135504036,3,4,3.6405982930108625,6.4998798415524215,included
Calib & Acc,2025_04_12,001,CL98test,Calib & Acc,5,0.0,-0.0,0.8152702618822009,-0.46116853911753813,3,5,0.9366653732156841,9.086495530431277,included
Calib & Acc,2025_04_12,001,CL98test,Calib & Acc,6,-10.2,-5.400000000000001,-8.48857327946468,-4.740019424199861,3,6,1.834272547958935,4.963861704206112,included
Calib & Acc,2025_04_12,001,CL98test,Calib & Acc,7,9.600000000000001,-5.400000000000001,10.508399625564968,-5.132886074496004,3,7,0.9468578187482669,6.609789983794532,included
Calib & Acc,2025_04_12,001,CL98test,Calib & Acc,8,-21.0,-11.8125,-18.850490717556678,-10.95602474095054,3,8,2.313858255095555,6.31868568380908,included
Calib & Acc,2025_04_12,001,CL98test,Calib & Acc,9,21.0,-11.8125,21.12202986697513,-11.281598250433776,3,9,0.5447457720133729,7.903808475534857,included
Calib & Acc,2025_04_12,002,MQ85,Calib & Acc,1,-21.0,11.8125,-20.204097592826407,12.237385965660835,3,1,0.9022132373005058,4.750563048246421,included
Calib & Acc,2025_04_12,002,MQ85,Calib & Acc,2,21.0,11.8125,18.86628582044828,12.40080864347357,3,2,2.2133330657643424,5.464972727119959,included
Calib & Acc,2025_04_12,002,MQ85,Calib & Acc,3,-10.2,5.7375,-11.154491268910695,8.227914132235126,3,3,2.667061328965494,5.857067376852974,included
Calib & Acc,2025_04_12,002,MQ85,Calib & Acc,4,9.600000000000001,5.7375,5.88928757336911,10.428342996394433,3,4,5.981086417196764,6.4998798415524215,included
Calib & Acc,2025_04_12,002,MQ85,Calib & Acc,5,0.0,-0.0,-5.65885236009581,6.16015174833577,3,3,8.364811988077566,9.086495530431277,target_mismatch
Calib & Acc,2025_04_12,002,MQ85,Calib & Acc,6,-10.2,-5.400000000000001,-10.555909820426487,-5.789317140151515,3,6,0.5274842517950354,4.963861704206112,included
Calib & Acc,2025_04_12,002,MQ85,Calib & Acc,7,9.600000000000001,-5.400000000000001,2.627526010552479,-5.503155288776,3,5,6.973237020718908,6.609789983794532,target_mismatch
Calib & Acc,2025_04_12,002,MQ85,Calib & Acc,8,-21.0,-11.8125,-28.081381346423566,-8.15102286553296,3,8,7.971974446754117,6.31868568380908,robust_centroid_outlier
Calib & Acc,2025_04_12,002,MQ85,Calib & Acc,9,21.0,-11.8125,19.286915555555556,-7.91895,3,9,4.253750100358216,7.903808475534857,included
Calib & Acc,2025_04_12,004,NM84,Calib & Acc,1,-21.0,11.8125,-21.075117426323676,12.637074981658964,3,1,0.8279894492778116,4.750563048246421,included
Calib & Acc,2025_04_12,004,NM84,Calib & Acc,2,21.0,11.8125,18.864459661643085,12.223526474741098,3,2,2.174735685017299,5.464972727119959,included
Calib & Acc,2025_04_12,004,NM84,Calib & Acc,3,-10.2,5.7375,-10.923056041552277,9.13151663264493,3,3,3.4701813989899257,5.857067376852974,included
Calib & Acc,2025_04_12,004,NM84,Calib & Acc,4,9.600000000000001,5.7375,9.692882812565886,8.261631482447818,3,4,2.52583985192141,6.4998798415524215,included
Calib & Acc,2025_04_12,004,NM84,Calib & Acc,5,0.0,-0.0,-4.104755607491101,3.116184447550689,3,5,5.153603022001834,9.086495530431277,included
Calib & Acc,2025_04_12,004,NM84,Calib & Acc,6,-10.2,-5.400000000000001,-11.146669617014439,-2.5282810411101964,3,6,3.023731658501695,4.963861704206112,included
Calib & Acc,2025_04_12,004,NM84,Calib & Acc,7,9.600000000000001,-5.400000000000001,4.856980846774193,-3.3104887915826615,3,7,5.1828841177445355,6.609789983794532,included
Calib & Acc,2025_04_12,004,NM84,Calib & Acc,8,-21.0,-11.8125,-27.458218376928233,-9.75262860915493,3,8,6.778764987142978,6.31868568380908,robust_centroid_outlier
Calib & Acc,2025_04_12,004,NM84,Calib & Acc,9,21.0,-11.8125,22.732644291754756,-10.952132445824525,3,9,1.9344995657865187,7.903808475534857,included
Calib & Acc,2025_04_12,005,QZ00,Calib & Acc,1,-21.0,11.8125,-16.519779791666668,4.376094525669643,3,3,8.68173366867522,4.750563048246421,target_mismatch
Calib & Acc,2025_04_12,005,QZ00,Calib & Acc,2,21.0,11.8125,19.912725319963055,9.889446014362996,3,2,2.2091407518589232,5.464972727119959,included
Calib & Acc,2025_04_12,005,QZ00,Calib & Acc,3,-10.2,5.7375,-11.278300242231888,10.58910161045047,3,3,4.969986881162057,5.857067376852974,included
Calib & Acc,2025_04_12,005,QZ00,Calib & Acc,4,9.600000000000001,5.7375,12.602566224580016,11.16200848806366,3,4,6.200056150557299,6.4998798415524215,included
Calib & Acc,2025_04_12,005,QZ00,Calib & Acc,5,0.0,-0.0,-0.1599776419078428,2.031218730855,3,5,2.037508865866991,9.086495530431277,included
Calib & Acc,2025_04_12,005,QZ00,Calib & Acc,6,-10.2,-5.400000000000001,-8.68897967720685,-5.236174925889328,3,6,1.5198753471259672,4.963861704206112,included
Calib & Acc,2025_04_12,005,QZ00,Calib & Acc,7,9.600000000000001,-5.400000000000001,12.699102801724138,1.7230912869458128,3,4,7.768067176448577,6.609789983794532,target_mismatch
Calib & Acc,2025_04_12,005,QZ00,Calib & Acc,8,-21.0,-11.8125,-23.28739120879121,-5.709567239010989,2,8,6.5175107845870315,6.31868568380908,robust_centroid_outlier
Calib & Acc,2025_04_12,005,QZ00,Calib & Acc,9,21.0,-11.8125,24.739021866067784,-6.940312658865864,3,9,6.141538406787076,7.903808475534857,included
Calib & Acc,2025_04_12,013,SY91,Calib & Acc,1,-21.0,11.8125,-30.0,16.875,3,1,10.326127359760774,4.750563048246421,robust_centroid_outlier
Calib & Acc,2025_04_12,013,SY91,Calib & Acc,2,21.0,11.8125,-30.0,16.875,3,1,51.25064786175878,5.464972727119959,target_mismatch
Calib & Acc,2025_04_12,013,SY91,Calib & Acc,3,-10.2,5.7375,-30.0,16.875,3,1,22.7174801914737,5.857067376852974,target_mismatch
Calib & Acc,2025_04_12,013,SY91,Calib & Acc,4,9.600000000000001,5.7375,-30.0,16.875,3,1,41.13640609302179,6.4998798415524215,target_mismatch
Calib & Acc,2025_04_12,013,SY91,Calib & Acc,5,0.0,-0.0,-30.0,16.875,3,1,34.42042453253591,9.086495530431277,target_mismatch
Calib & Acc,2025_04_12,013,SY91,Calib & Acc,6,-10.2,-5.400000000000001,-30.0,16.875,3,1,29.80294658251093,4.963861704206112,target_mismatch
Calib & Acc,2025_04_12,013,SY91,Calib & Acc,7,9.600000000000001,-5.400000000000001,-30.0,16.875,3,1,45.4349603829474,6.609789983794532,target_mismatch
Calib & Acc,2025_04_12,013,SY91,Calib & Acc,8,-21.0,-11.8125,-30.0,16.875,3,1,30.066138033508725,6.31868568380908,target_mismatch
Calib & Acc,2025_04_12,013,SY91,Calib & Acc,9,21.0,-11.8125,-30.0,16.875,3,1,58.51472170531105,7.903808475534857,target_mismatch
Calib & Acc,2025_04_12,015,YR00,Calib & Acc,1,-21.0,11.8125,-16.280406281455672,12.616741027874562,3,1,4.7876266039698425,4.750563048246421,robust_centroid_outlier
Calib & Acc,2025_04_12,015,YR00,Calib & Acc,2,21.0,11.8125,17.69528391774892,8.947146513798701,3,2,4.373945471216446,5.464972727119959,included
Calib & Acc,2025_04_12,015,YR00,Calib & Acc,3,-10.2,5.7375,-8.720286317869773,7.381943140862283,3,3,2.2121812368367118,5.857067376852974,included
Calib & Acc,2025_04_12,015,YR00,Calib & Acc,4,9.600000000000001,5.7375,8.410912033799534,5.715285322880245,3,4,1.1892954566642808,6.4998798415524215,included
Calib & Acc,2025_04_12,015,YR00,Calib & Acc,5,0.0,-0.0,-2.345826609848485,3.338461896306818,3,5,4.08022429733535,9.086495530431277,included
Calib & Acc,2025_04_12,015,YR00,Calib & Acc,6,-10.2,-5.400000000000001,-8.128094372294372,-9.164901785714285,3,6,4.297357139707247,4.963861704206112,included
Calib & Acc,2025_04_12,015,YR00,Calib & Acc,7,9.600000000000001,-5.400000000000001,10.064121428571429,-5.039592187499999,2,7,0.5876244479003739,6.609789983794532,included
Calib & Acc,2025_04_12,015,YR00,Calib & Acc,8,-21.0,-11.8125,-23.137129555555553,-9.5254495,2,8,3.1301633706213043,6.31868568380908,included
Calib & Acc,2025_04_12,015,YR00,Calib & Acc,9,21.0,-11.8125,22.327145443067568,-9.091611117313539,3,9,3.0273009990719113,7.903808475534857,included
Calib & Acc,2025_04_12,017,SS73,Calib & Acc,1,-21.0,11.8125,-21.241598220492907,12.060798381637085,3,1,0.34644160614587677,4.750563048246421,included
Calib & Acc,2025_04_12,017,SS73,Calib & Acc,2,21.0,11.8125,22.489941314731016,14.262868335690044,3,2,2.867791851214935,5.464972727119959,included
Calib & Acc,2025_04_12,017,SS73,Calib & Acc,3,-10.2,5.7375,-11.797657231659912,7.950174065010316,3,3,2.729182139001443,5.857067376852974,included
Calib & Acc,2025_04_12,017,SS73,Calib & Acc,4,9.600000000000001,5.7375,10.785467457729467,8.782915757472827,3,4,3.268010132970728,6.4998798415524215,included
Calib & Acc,2025_04_12,017,SS73,Calib & Acc,5,0.0,-0.0,-0.31005501829609533,-1.2089758809569935,3,5,1.2481012759813725,9.086495530431277,included
Calib & Acc,2025_04_12,017,SS73,Calib & Acc,6,-10.2,-5.400000000000001,-9.097487842879088,-6.627024576201449,3,6,1.649582482691225,4.963861704206112,included
Calib & Acc,2025_04_12,017,SS73,Calib & Acc,7,9.600000000000001,-5.400000000000001,8.827018335900288,-6.019926536028279,3,7,0.990863039529875,6.609789983794532,included
Calib & Acc,2025_04_12,017,SS73,Calib & Acc,8,-21.0,-11.8125,-20.55660209200737,-11.217630680073034,3,8,0.7419374721650143,6.31868568380908,included
Calib & Acc,2025_04_12,017,SS73,Calib & Acc,9,21.0,-11.8125,21.01668532590759,-11.962417139949194,3,9,0.15084279548983676,7.903808475534857,included
Calib & Acc,2025_04_12,020,RB76,Calib & Acc,1,-21.0,11.8125,-21.12734548440066,12.094131202633575,3,1,0.30908414177060656,4.750563048246421,included
Calib & Acc,2025_04_12,020,RB76,Calib & Acc,2,21.0,11.8125,20.908779959247273,13.939490911542611,3,2,2.128946085183887,5.464972727119959,included
Calib & Acc,2025_04_12,020,RB76,Calib & Acc,3,-10.2,5.7375,-10.409954985638345,8.546108949328868,3,3,2.8164455127420105,5.857067376852974,included
Calib & Acc,2025_04_12,020,RB76,Calib & Acc,4,9.600000000000001,5.7375,9.511668638861138,9.75021993881119,3,4,4.013692033115337,6.4998798415524215,included
Calib & Acc,2025_04_12,020,RB76,Calib & Acc,5,0.0,-0.0,-0.03191765530205918,0.7984270449884644,3,5,0.7990647551287645,9.086495530431277,included
Calib & Acc,2025_04_12,020,RB76,Calib & Acc,6,-10.2,-5.400000000000001,-9.775455266348857,-4.309448799917491,3,6,1.1702735367734856,4.963861704206112,included
Calib & Acc,2025_04_12,020,RB76,Calib & Acc,7,9.600000000000001,-5.400000000000001,9.126888646754281,-3.599271417562724,3,7,1.8618425766365327,6.609789983794532,included
Calib & Acc,2025_04_12,020,RB76,Calib & Acc,8,-21.0,-11.8125,-20.719528492285363,-9.238925873222541,3,8,2.5888120929604144,6.31868568380908,included
Calib & Acc,2025_04_12,020,RB76,Calib & Acc,9,21.0,-11.8125,19.826959374136504,-10.069699414979967,3,9,2.1008041767552714,7.903808475534857,included
Calib & Acc,2025_04_12,025,AW75,Calib & Acc,1,-21.0,11.8125,-19.524739211376858,11.3274069376212,3,1,1.5529680207966352,4.750563048246421,included
Calib & Acc,2025_04_12,025,AW75,Calib & Acc,2,21.0,11.8125,20.42191790507906,12.133082260552774,3,2,0.6610233689131649,5.464972727119959,included
Calib & Acc,2025_04_12,025,AW75,Calib & Acc,3,-10.2,5.7375,-10.881089577876724,4.759542835131286,3,3,1.191756363276634,5.857067376852974,included
Calib & Acc,2025_04_12,025,AW75,Calib & Acc,4,9.600000000000001,5.7375,11.24588661498708,7.100746984763433,3,4,2.137144143678712,6.4998798415524215,included
Calib & Acc,2025_04_12,025,AW75,Calib & Acc,5,0.0,-0.0,-2.4356502673166127,-7.327555911308868,3,5,7.721752900607285,9.086495530431277,included
Calib & Acc,2025_04_12,025,AW75,Calib & Acc,6,-10.2,-5.400000000000001,-12.706153846153846,-14.091637500000001,1,8,9.045737644437736,4.963861704206112,target_mismatch
Calib & Acc,2025_04_12,025,AW75,Calib & Acc,7,9.600000000000001,-5.400000000000001,7.765102526484964,-9.06068083070081,3,7,4.094805597653231,6.609789983794532,included
Calib & Acc,2025_04_12,025,AW75,Calib & Acc,9,21.0,-11.8125,21.25010717126847,-8.728648790392823,3,9,3.0939767096918436,7.903808475534857,included
Calib & Acc,2025_04_12,026,JH71,Calib & Acc,1,-21.0,11.8125,-20.81976307168784,9.564155123071687,3,1,2.255557588698899,4.750563048246421,included
Calib & Acc,2025_04_12,026,JH71,Calib & Acc,2,21.0,11.8125,21.22098948514555,13.559728151799746,3,2,1.7611480820721612,5.464972727119959,included
Calib & Acc,2025_04_12,026,JH71,Calib & Acc,3,-10.2,5.7375,-11.423388483893559,8.30103324579832,3,3,2.840489761438449,5.857067376852974,included
Calib & Acc,2025_04_12,026,JH71,Calib & Acc,4,9.600000000000001,5.7375,10.501582424242423,8.635934931220097,3,4,3.035420221027015,6.4998798415524215,included
Calib & Acc,2025_04_12,026,JH71,Calib & Acc,5,0.0,-0.0,-0.7523157082452431,2.657529116203564,3,5,2.761963057019814,9.086495530431277,included
Calib & Acc,2025_04_12,026,JH71,Calib & Acc,6,-10.2,-5.400000000000001,-11.585802118811882,-4.052164619740099,3,6,1.933160035999053,4.963861704206112,included
Calib & Acc,2025_04_12,026,JH71,Calib & Acc,7,9.600000000000001,-5.400000000000001,9.782329300627133,-3.261612686056204,3,7,2.1461463785825394,6.609789983794532,included
Calib & Acc,2025_04_12,026,JH71,Calib & Acc,8,-21.0,-11.8125,-23.106474847240936,-11.121955224332,3,8,2.216774316267015,6.31868568380908,included
Calib & Acc,2025_04_12,026,JH71,Calib & Acc,9,21.0,-11.8125,20.373864908637618,-10.426615061814323,3,9,1.5207636945052634,7.903808475534857,included
Acc 10min,2025_04_11,001,CL98,Acc 10min,1,-21.0,11.8125,-12.38332,-4.978305000000001,1,6,18.87268679256944,6.364667618079143,target_mismatch
Acc 10min,2025_04_11,001,CL98,Acc 10min,5,0.0,-0.0,0.9781826086956521,8.201352717391304,1,5,8.259481073954728,6.3456149987827555,robust_centroid_outlier
Acc 10min,2025_04_11,001,CL98,Acc 10min,7,9.600000000000001,-5.400000000000001,8.819387096774193,-6.486728225806451,1,7,1.338033908930211,4.677871064780033,included
Acc 10min,2025_04_11,001,CL98,Acc 10min,8,-21.0,-11.8125,2.696640000000003,-14.49981,1,7,23.848529982489488,6.775425734516142,target_mismatch
Acc 10min,2025_04_11,004,LW03,Acc 10min,1,-21.0,11.8125,-23.118776398467435,14.609515431034483,3,1,3.5089184584637545,6.364667618079143,included
Acc 10min,2025_04_11,004,LW03,Acc 10min,2,21.0,11.8125,21.590260648278015,12.549117615708274,3,2,0.9439349260819443,6.272710911039567,included
Acc 10min,2025_04_11,004,LW03,Acc 10min,3,-10.2,5.7375,-11.966514926372156,8.82103985943775,3,3,3.5537013169140996,6.528293120964155,included
Acc 10min,2025_04_11,004,LW03,Acc 10min,4,9.600000000000001,5.7375,9.796914753764755,7.77600662202381,3,4,2.047995280337618,5.846243924085717,included
Acc 10min,2025_04_11,004,LW03,Acc 10min,5,0.0,-0.0,-0.843964387096774,-2.1872908548387096,3,5,2.3444652205457617,6.3456149987827555,included
Acc 10min,2025_04_11,004,LW03,Acc 10min,6,-10.2,-5.400000000000001,-10.700772151183953,-6.331933443760142,3,6,1.0579568474186647,4.400708116241657,included
Acc 10min,2025_04_11,004,LW03,Acc 10min,7,9.600000000000001,-5.400000000000001,8.860403850136725,-5.589598378567788,3,7,0.763511630591254,4.677871064780033,included
Acc 10min,2025_04_11,004,LW03,Acc 10min,8,-21.0,-11.8125,-21.38761773681458,-13.06139544591831,3,8,1.3076648441893473,6.775425734516142,included
Acc 10min,2025_04_11,004,LW03,Acc 10min,9,21.0,-11.8125,20.372262966133942,-12.10140545911815,3,9,0.6910283264781737,11.87721349152409,included
Acc 10min,2025_04_11,006,JL98,Acc 10min,1,-21.0,11.8125,-21.793182538878842,12.107137630877034,3,1,0.8461382118254185,6.364667618079143,included
Acc 10min,2025_04_11,006,JL98,Acc 10min,2,21.0,11.8125,18.692616134453782,13.204816638655464,3,2,2.6949148270882057,6.272710911039567,included
Acc 10min,2025_04_11,006,JL98,Acc 10min,3,-10.2,5.7375,-9.016634882135044,5.921163361381157,3,3,1.1975329776224808,6.528293120964155,included
Acc 10min,2025_04_11,006,JL98,Acc 10min,4,9.600000000000001,5.7375,17.09513137254902,1.0062595588235295,3,4,8.863499895864628,5.846243924085717,robust_centroid_outlier
Acc 10min,2025_04_11,006,JL98,Acc 10min,5,0.0,-0.0,8.489513382594417,-3.8302022475369455,3,7,9.313553925880644,6.3456149987827555,target_mismatch
Acc 10min,2025_04_11,006,JL98,Acc 10min,6,-10.2,-5.400000000000001,-2.8052167517742066,-9.443394021535198,3,6,8.428039778123225,4.400708116241657,robust_centroid_outlier
Acc 10min,2025_04_11,006,JL98,Acc 10min,7,9.600000000000001,-5.400000000000001,25.755500089605732,-14.376236491935485,3,9,18.481693772606587,4.677871064780033,target_mismatch
Acc 10min,2025_04_11,006,JL98,Acc 10min,8,-21.0,-11.8125,-21.291551270480795,-9.78361863366237,3,8,2.0497223572940353,6.775425734516142,included
Acc 10min,2025_04_11,010,PW78,Acc 10min,1,-21.0,11.8125,-21.76148209058121,12.572884734986914,3,1,1.0761226321739783,6.364667618079143,included
Acc 10min,2025_04_11,010,PW78,Acc 10min,2,21.0,11.8125,20.722441511159037,14.75718468855495,3,2,2.9577367411143345,6.272710911039567,included
Acc 10min,2025_04_11,010,PW78,Acc 10min,3,-10.2,5.7375,-10.61772871962872,8.470663866707616,3,3,2.7649018075654657,6.528293120964155,included
Acc 10min,2025_04_11,010,PW78,Acc 10min,4,9.600000000000001,5.7375,9.441399565779749,9.706370716983093,3,4,3.972038376685294,5.846243924085717,included
Acc 10min,2025_04_11,010,PW78,Acc 10min,5,0.0,-0.0,0.0967912840092765,3.229204319849822,3,5,3.2306545918740546,6.3456149987827555,included
Acc 10min,2025_04_11,010,PW78,Acc 10min,6,-10.2,-5.400000000000001,-9.731597053140097,-3.1414396440217387,3,6,2.3066200818998555,4.400708116241657,included
Acc 10min,2025_04_11,010,PW78,Acc 10min,7,9.600000000000001,-5.400000000000001,10.978207019400353,-3.1211315178571426,3,7,2.6632116226895106,4.677871064780033,included
Acc 10min,2025_04_11,010,PW78,Acc 10min,8,-21.0,-11.8125,-20.27645571789219,-9.180558033441189,3,8,2.7295851046458264,6.775425734516142,included
Acc 10min,2025_04_11,010,PW78,Acc 10min,9,21.0,-11.8125,24.318662506405776,-8.984967193396226,3,9,4.359869562709885,11.87721349152409,included
Acc 10min,2025_04_12,003,MQ85,Acc 10min,1,-21.0,11.8125,-20.775042962962964,13.592151666666666,2,1,1.7938131795652315,6.364667618079143,included
Acc 10min,2025_04_12,003,MQ85,Acc 10min,2,21.0,11.8125,19.153471232876715,13.948782534246575,1,2,2.8237159123999724,6.272710911039567,included
Acc 10min,2025_04_12,003,MQ85,Acc 10min,3,-10.2,5.7375,-11.313438645066274,9.610550125184094,2,3,4.029920953134881,6.528293120964155,included
Acc 10min,2025_04_12,003,MQ85,Acc 10min,4,9.600000000000001,5.7375,10.056655191434134,9.830478850989618,2,4,4.118374659803554,5.846243924085717,included
Acc 10min,2025_04_12,003,MQ85,Acc 10min,5,0.0,-0.0,-1.4162100000000004,10.480981193181819,2,3,10.57622889010686,6.3456149987827555,target_mismatch
Acc 10min,2025_04_12,003,MQ85,Acc 10min,6,-10.2,-5.400000000000001,-9.802279907592407,-4.53907252278971,2,6,0.9483550985366083,4.400708116241657,included
Acc 10min,2025_04_12,003,MQ85,Acc 10min,7,9.600000000000001,-5.400000000000001,10.905164383561644,-5.754009760273973,1,7,1.3523228085361412,4.677871064780033,included
Acc 10min,2025_04_12,003,MQ85,Acc 10min,8,-21.0,-11.8125,-26.700684961685823,-8.8177208182703,3,8,6.439449617763346,6.775425734516142,included
Acc 10min,2025_04_12,003,MQ85,Acc 10min,9,21.0,-11.8125,14.409331890756302,-4.8784604700630245,2,7,9.566494150363052,11.87721349152409,target_mismatch
Acc 10min,2025_04_12,008,NM84,Acc 10min,1,-21.0,11.8125,-21.10698076923077,8.084020776098901,3,1,3.730013700785474,6.364667618079143,included
Acc 10min,2025_04_12,008,NM84,Acc 10min,2,21.0,11.8125,15.774051892518868,9.809698560507483,3,2,5.596583531773552,6.272710911039567,included
Acc 10min,2025_04_12,008,NM84,Acc 10min,3,-10.2,5.7375,-9.603444748490945,3.3852499308350104,3,3,2.426717650652776,6.528293120964155,included
Acc 10min,2025_04_12,008,NM84,Acc 10min,4,9.600000000000001,5.7375,8.402125713069392,4.439815306855501,3,4,1.7660374769837268,5.846243924085717,included
Acc 10min,2025_04_12,008,NM84,Acc 10min,5,0.0,-0.0,-2.965001809553609,-1.0638701863657696,3,5,3.1500881740189612,6.3456149987827555,included
Acc 10min,2025_04_12,008,NM84,Acc 10min,6,-10.2,-5.400000000000001,-10.91108097007224,-5.842263649380805,3,6,0.8373967288940797,4.400708116241657,included
Acc 10min,2025_04_12,008,NM84,Acc 10min,7,9.600000000000001,-5.400000000000001,11.452864655172414,-5.714408890086207,2,7,1.8793510530373039,4.677871064780033,included
Acc 10min,2025_04_12,008,NM84,Acc 10min,8,-21.0,-11.8125,-19.270085416666667,-11.766765234375,3,8,1.7305190361322558,6.775425734516142,included
Acc 10min,2025_04_12,008,NM84,Acc 10min,9,21.0,-11.8125,27.276827020757022,-14.024045625,3,9,6.655035048740323,11.87721349152409,included
Acc 10min,2025_04_12,012,QZ00,Acc 10min,1,-21.0,11.8125,-17.27151120531154,5.522619153792135,3,3,7.311923806469126,6.364667618079143,target_mismatch
Acc 10min,2025_04_12,012,QZ00,Acc 10min,2,21.0,11.8125,21.072397149629975,7.115877154219183,3,2,4.69718080371459,6.272710911039567,included
Acc 10min,2025_04_12,012,QZ00,Acc 10min,3,-10.2,5.7375,-10.143152421778764,4.829061572062084,3,3,0.910215372592625,6.528293120964155,included
Acc 10min,2025_04_12,012,QZ00,Acc 10min,4,9.600000000000001,5.7375,11.953070276158511,5.230880637254901,3,4,2.406990424419868,5.846243924085717,included
Acc 10min,2025_04_12,012,QZ00,Acc 10min,5,0.0,-0.0,0.7518616519092927,-0.7678385590249133,3,5,1.074649708666608,6.3456149987827555,included
Acc 10min,2025_04_12,012,QZ00,Acc 10min,6,-10.2,-5.400000000000001,-9.601660721466589,-8.457630461265524,3,6,3.115624163774362,4.400708116241657,included
Acc 10min,2025_04_12,012,QZ00,Acc 10min,7,9.600000000000001,-5.400000000000001,10.697518916143304,-7.511069580222774,3,7,2.379319764940039,4.677871064780033,included
Acc 10min,2025_04_12,012,QZ00,Acc 10min,8,-21.0,-11.8125,-22.19498591668379,-10.027252367579228,3,8,2.148278485238022,6.775425734516142,included
Acc 10min,2025_04_12,012,QZ00,Acc 10min,9,21.0,-11.8125,25.592149042471362,-10.021764930044183,3,9,4.928951705894502,11.87721349152409,included
Acc 10min,2025_04_12,018,YR00,Acc 10min,1,-21.0,11.8125,-21.01688457323083,10.10782660644589,3,1,1.7047570112788721,6.364667618079143,included
Acc 10min,2025_04_12,018,YR00,Acc 10min,2,21.0,11.8125,19.895666739648714,8.19868458961283,3,2,3.778784694881397,6.272710911039567,included
Acc 10min,2025_04_12,018,YR00,Acc 10min,3,-10.2,5.7375,-11.68913446549081,5.947143888296654,3,3,1.5038191434520112,6.528293120964155,included
Acc 10min,2025_04_12,018,YR00,Acc 10min,4,9.600000000000001,5.7375,11.699110564098499,6.3770072060776,3,4,2.1943642876548757,5.846243924085717,included
Acc 10min,2025_04_12,018,YR00,Acc 10min,5,0.0,-0.0,-0.15795214211076283,-2.294734184570686,3,5,2.3001638761259313,6.3456149987827555,included
Acc 10min,2025_04_12,018,YR00,Acc 10min,6,-10.2,-5.400000000000001,-10.631278112359551,-6.550620665730338,3,6,1.2287915716695574,4.400708116241657,included
Acc 10min,2025_04_12,018,YR00,Acc 10min,7,9.600000000000001,-5.400000000000001,8.586436426767678,-7.57547002840909,3,7,2.399996033640414,4.677871064780033,included
Acc 10min,2025_04_12,018,YR00,Acc 10min,8,-21.0,-11.8125,-25.392710732714136,-9.687865025154798,3,8,4.879547249247355,6.775425734516142,included
Acc 10min,2025_04_12,018,YR00,Acc 10min,9,21.0,-11.8125,24.586970700647765,-10.905377879579484,3,9,3.699895856461602,11.87721349152409,included
Acc 10min,2025_04_12,019,SS73,Acc 10min,1,-21.0,11.8125,-21.69128601909208,12.40883282975357,3,1,0.9129562990823129,6.364667618079143,included
Acc 10min,2025_04_12,019,SS73,Acc 10min,2,21.0,11.8125,22.28813230892709,14.698498457241612,3,2,3.1604227471183033,6.272710911039567,included
Acc 10min,2025_04_12,019,SS73,Acc 10min,3,-10.2,5.7375,-12.064142081796575,8.188703908286206,3,3,3.0795172188384403,6.528293120964155,included
Acc 10min,2025_04_12,019,SS73,Acc 10min,4,9.600000000000001,5.7375,10.734685209181784,9.45221059376157,3,4,3.884145378244788,5.846243924085717,included
Acc 10min,2025_04_12,019,SS73,Acc 10min,5,0.0,-0.0,-0.15394105845690945,-1.7417524546663443,3,5,1.7485420963806018,6.3456149987827555,included
Acc 10min,2025_04_12,019,SS73,Acc 10min,6,-10.2,-5.400000000000001,-9.470285362204182,-5.508819090318863,3,6,0.7377838755565926,4.400708116241657,included
Acc 10min,2025_04_12,019,SS73,Acc 10min,7,9.600000000000001,-5.400000000000001,9.718826323404857,-5.067280829157256,3,7,0.35330120546100485,4.677871064780033,included
Acc 10min,2025_04_12,019,SS73,Acc 10min,8,-21.0,-11.8125,-20.62105768618413,-11.879919385458765,3,8,0.38489303804532826,6.775425734516142,included
Acc 10min,2025_04_12,019,SS73,Acc 10min,9,21.0,-11.8125,20.64597178191675,-10.808672628105475,3,9,1.064427250573693,11.87721349152409,included
Acc 10min,2025_04_12,021,SY91,Acc 10min,1,-21.0,11.8125,-20.62962281591882,15.009027914816869,3,1,3.2179139156744676,6.364667618079143,included
Acc 10min,2025_04_12,021,SY91,Acc 10min,2,21.0,11.8125,15.250381818181818,15.676016639610388,2,2,6.92711123494062,6.272710911039567,robust_centroid_outlier
Acc 10min,2025_04_12,021,SY91,Acc 10min,3,-10.2,5.7375,-12.148640179573512,12.532138636363635,3,3,7.06854389165221,6.528293120964155,robust_centroid_outlier
Acc 10min,2025_04_12,021,SY91,Acc 10min,4,9.600000000000001,5.7375,7.492823668668668,11.360947466216217,3,4,6.005277137369813,5.846243924085717,robust_centroid_outlier
Acc 10min,2025_04_12,021,SY91,Acc 10min,5,0.0,-0.0,-1.6417217460317461,7.190535032467532,3,5,7.375570780931899,6.3456149987827555,robust_centroid_outlier
Acc 10min,2025_04_12,021,SY91,Acc 10min,6,-10.2,-5.400000000000001,-11.253539941344323,1.2162254206959418,3,3,6.699580973872247,4.400708116241657,target_mismatch
Acc 10min,2025_04_12,021,SY91,Acc 10min,7,9.600000000000001,-5.400000000000001,7.626002621948499,2.2952181642455485,3,4,7.944372111368453,4.677871064780033,target_mismatch
Acc 10min,2025_04_12,021,SY91,Acc 10min,8,-21.0,-11.8125,-21.68925410958904,-4.776375653798257,3,8,7.069803182748321,6.775425734516142,robust_centroid_outlier
Acc 10min,2025_04_12,021,SY91,Acc 10min,9,21.0,-11.8125,16.916748864754478,-3.672241454417293,3,7,9.106961569174219,11.87721349152409,target_mismatch
Acc 10min,2025_04_12,024,RB76,Acc 10min,1,-21.0,11.8125,-20.408198379692966,10.857492800957592,3,1,1.1235069683899856,6.364667618079143,included
Acc 10min,2025_04_12,024,RB76,Acc 10min,2,21.0,11.8125,20.67871055167055,15.111242338286715,3,2,3.3143518105374907,6.272710911039567,included
Acc 10min,2025_04_12,024,RB76,Acc 10min,3,-10.2,5.7375,-10.08216856609574,8.188082497529644,3,3,2.4534137082878136,6.528293120964155,included
Acc 10min,2025_04_12,024,RB76,Acc 10min,4,9.600000000000001,5.7375,8.365218192918194,7.894874862637362,3,4,2.48574986855874,5.846243924085717,included
Acc 10min,2025_04_12,024,RB76,Acc 10min,5,0.0,-0.0,-0.0038928672842865886,3.0001117580301986,3,5,3.0001142836709973,6.3456149987827555,included
Acc 10min,2025_04_12,024,RB76,Acc 10min,6,-10.2,-5.400000000000001,-9.550173096335309,-3.535149798387097,3,6,1.9748268985362056,4.400708116241657,included
Acc 10min,2025_04_12,024,RB76,Acc 10min,7,9.600000000000001,-5.400000000000001,9.640511847948142,-1.5714573039218813,3,7,3.8287570287911055,4.677871064780033,included
Acc 10min,2025_04_12,024,RB76,Acc 10min,8,-21.0,-11.8125,-20.11937563798746,-11.173674178132707,3,8,1.0879327633886275,6.775425734516142,included
Acc 10min,2025_04_12,024,RB76,Acc 10min,9,21.0,-11.8125,19.889867166100736,-9.574252047564729,3,9,2.4984292676563604,11.87721349152409,included
Acc 10min,2025_04_12,028,JH71,Acc 10min,1,-21.0,11.8125,-23.615735380521187,12.46068826467132,3,1,2.6948505723635097,6.364667618079143,included
Acc 10min,2025_04_12,028,JH71,Acc 10min,2,21.0,11.8125,22.307521281177163,13.929209280707552,3,2,2.487985144602887,6.272710911039567,included
Acc 10min,2025_04_12,028,JH71,Acc 10min,3,-10.2,5.7375,-11.212268850889194,7.624699430232558,3,3,2.141543816023997,6.528293120964155,included
Acc 10min,2025_04_12,028,JH71,Acc 10min,4,9.600000000000001,5.7375,10.485965520811023,8.124353232089312,3,4,2.5459778584271198,5.846243924085717,included
Acc 10min,2025_04_12,028,JH71,Acc 10min,5,0.0,-0.0,-0.3903474719101124,1.841088012843021,3,5,1.8820138734506926,6.3456149987827555,included
Acc 10min,2025_04_12,028,JH71,Acc 10min,6,-10.2,-5.400000000000001,-11.216247265127299,-4.443280191731676,3,6,1.3957332465094094,4.400708116241657,included
Acc 10min,2025_04_12,028,JH71,Acc 10min,7,9.600000000000001,-5.400000000000001,10.588289178560062,-3.7893953639169253,3,7,1.8896462087468167,4.677871064780033,included
Acc 10min,2025_04_12,028,JH71,Acc 10min,8,-21.0,-11.8125,-22.92601424452147,-11.810438654603187,3,8,1.9260153476139403,6.775425734516142,included
Acc 10min,2025_04_12,028,JH71,Acc 10min,9,21.0,-11.8125,21.344320444444445,-11.615348886363636,3,9,0.39676835820221223,11.87721349152409,included
Acc 10min,2025_04_12,030,AW75,Acc 10min,1,-21.0,11.8125,-22.52888515708872,10.056375229048355,3,1,2.328403752512903,6.364667618079143,included
Acc 10min,2025_04_12,030,AW75,Acc 10min,2,21.0,11.8125,23.38951943713323,11.713580858138831,3,2,2.3915660427979115,6.272710911039567,included
Acc 10min,2025_04_12,030,AW75,Acc 10min,3,-10.2,5.7375,-11.907398911291196,7.296447340714891,3,3,2.312039760341589,6.528293120964155,included
Acc 10min,2025_04_12,030,AW75,Acc 10min,4,9.600000000000001,5.7375,12.118693084951913,6.073541793291651,3,4,2.541011401592532,5.846243924085717,included
Acc 10min,2025_04_12,030,AW75,Acc 10min,5,0.0,-0.0,0.09394044943820228,-1.570590178453404,3,5,1.57339706263071,6.3456149987827555,included
Acc 10min,2025_04_12,030,AW75,Acc 10min,6,-10.2,-5.400000000000001,-9.395821116054876,-8.099547355134176,3,6,2.8167817806843223,4.400708116241657,included
Acc 10min,2025_04_12,030,AW75,Acc 10min,7,9.600000000000001,-5.400000000000001,10.205129205155748,-7.663792878625134,3,7,2.3432753897581677,4.677871064780033,included
Acc 10min,2025_04_12,030,AW75,Acc 10min,8,-21.0,-11.8125,-18.803953284368074,-8.593908404933481,3,8,3.896402575847445,6.775425734516142,included
Acc 10min,2025_04_12,030,AW75,Acc 10min,9,21.0,-11.8125,19.535209910485936,-11.233619647538363,3,9,1.5750277676297422,11.87721349152409,included
Acc 60min,2025_04_11,007,CL98,Acc 60min,1,-21.0,11.8125,-16.48765556563823,8.766110611388385,3,1,5.44442288965149,9.424916119560141,included
Acc 60min,2025_04_11,007,CL98,Acc 60min,2,21.0,11.8125,22.43750486552317,13.021811901037879,3,2,1.8785248234704366,8.674443165948492,included
Acc 60min,2025_04_11,007,CL98,Acc 60min,3,-10.2,5.7375,-7.971697911547912,8.41874670608108,2,3,3.4863181289536067,10.068398794156224,included
Acc 60min,2025_04_11,007,CL98,Acc 60min,4,9.600000000000001,5.7375,15.652537393271963,6.294124681342026,3,4,6.078078638256868,10.309246578678568,included
Acc 60min,2025_04_11,007,CL98,Acc 60min,5,0.0,-0.0,13.150081325301207,-8.175323227732358,3,7,15.484203200033761,9.498745418277842,target_mismatch
Acc 60min,2025_04_11,007,CL98,Acc 60min,6,-10.2,-5.400000000000001,-0.37744840545863184,-8.428768577678982,3,5,10.2789084500526,10.511466439637065,target_mismatch
Acc 60min,2025_04_11,007,CL98,Acc 60min,7,9.600000000000001,-5.400000000000001,27.577213596491227,-13.507043092105263,2,9,19.72065811252557,8.945395083044492,target_mismatch
Acc 60min,2025_04_11,007,CL98,Acc 60min,8,-21.0,-11.8125,-4.184092528770077,-12.528961293754497,3,6,16.831163384223167,13.810282746154847,target_mismatch
Acc 60min,2025_04_11,008,LW03,Acc 60min,1,-21.0,11.8125,0.732857142857143,2.1758625,1,5,23.77355383400309,9.424916119560141,target_mismatch
Acc 60min,2025_04_11,008,LW03,Acc 60min,2,21.0,11.8125,25.12660592248747,11.410219929542441,3,2,4.146167591233621,8.674443165948492,included
Acc 60min,2025_04_11,008,LW03,Acc 60min,3,-10.2,5.7375,-12.146483884564397,12.703328224713863,3,3,7.232673251923468,10.068398794156224,included
Acc 60min,2025_04_11,008,LW03,Acc 60min,4,9.600000000000001,5.7375,14.375409213483145,8.023837547958346,3,4,5.294513437458052,10.309246578678568,included
Acc 60min,2025_04_11,008,LW03,Acc 60min,5,0.0,-0.0,9.854010783682233,-2.766673167270531,3,7,10.23503829692007,9.498745418277842,target_mismatch
Acc 60min,2025_04_11,008,LW03,Acc 60min,6,-10.2,-5.400000000000001,-3.844752238455671,-6.869935543368245,3,6,6.523027258280583,10.511466439637065,included
Acc 60min,2025_04_11,008,LW03,Acc 60min,7,9.600000000000001,-5.400000000000001,29.234937416525145,-13.146980372343982,3,9,21.107971769934267,8.945395083044492,target_mismatch
Acc 60min,2025_04_11,008,LW03,Acc 60min,8,-21.0,-11.8125,-24.942834782608696,-8.666962334112739,2,8,5.043843111206418,13.810282746154847,included
Acc 60min,2025_04_11,011,JL98,Acc 60min,1,-21.0,11.8125,-23.46112248261817,8.551638486975563,3,1,4.085381460962078,9.424916119560141,included
Acc 60min,2025_04_11,011,JL98,Acc 60min,2,21.0,11.8125,21.499499999999998,13.5714140625,1,2,1.8284635433227137,8.674443165948492,included
Acc 60min,2025_04_11,011,JL98,Acc 60min,3,-10.2,5.7375,-11.69526098901099,4.782562441464785,2,3,1.7741790118134422,10.068398794156224,included
Acc 60min,2025_04_11,011,JL98,Acc 60min,4,9.600000000000001,5.7375,7.8148171875,5.07419384765625,2,4,1.9044297639405041,10.309246578678568,included
Acc 60min,2025_04_11,011,JL98,Acc 60min,5,0.0,-0.0,-0.5966079999999998,-4.372002,1,5,4.412521115379279,9.498745418277842,included
Acc 60min,2025_04_11,011,JL98,Acc 60min,6,-10.2,-5.400000000000001,-9.450307317073172,-10.326396951219513,1,6,4.983114090588226,10.511466439637065,included
Acc 60min,2025_04_11,011,JL98,Acc 60min,7,9.600000000000001,-5.400000000000001,7.11525,-9.414365625,1,7,4.721134814182035,8.945395083044492,included
Acc 60min,2025_04_11,011,JL98,Acc 60min,8,-21.0,-11.8125,-21.782763829787235,-13.532651329787234,1,8,1.8898782528491003,13.810282746154847,included
Acc 60min,2025_04_11,011,JL98,Acc 60min,9,21.0,-11.8125,19.690119821220367,-13.291614387388265,2,9,1.9757442784274293,5.39516589846688,included
Acc 60min,2025_04_11,012,PW78,Acc 60min,1,-21.0,11.8125,-21.412585694249646,10.762234554698457,3,1,1.1283990697860002,9.424916119560141,included
Acc 60min,2025_04_11,012,PW78,Acc 60min,2,21.0,11.8125,21.241978219399073,13.166043850952812,3,2,1.3750034236741793,8.674443165948492,included
Acc 60min,2025_04_11,012,PW78,Acc 60min,3,-10.2,5.7375,-11.525657048561998,6.93961166460396,3,3,1.789535991417611,10.068398794156224,included
Acc 60min,2025_04_11,012,PW78,Acc 60min,4,9.600000000000001,5.7375,10.598085018914214,7.823715069073813,3,4,2.312675294850455,10.309246578678568,included
Acc 60min,2025_04_11,012,PW78,Acc 60min,5,0.0,-0.0,0.21177510876730385,1.8572872956493078,3,5,1.869322014868953,9.498745418277842,included
Acc 60min,2025_04_11,012,PW78,Acc 60min,6,-10.2,-5.400000000000001,-11.086119470005897,-2.7746190431721076,3,6,2.770890269136993,10.511466439637065,included
Acc 60min,2025_04_11,012,PW78,Acc 60min,7,9.600000000000001,-5.400000000000001,10.527924076496463,-2.344706147375215,3,7,3.193096243088927,8.945395083044492,included
Acc 60min,2025_04_11,012,PW78,Acc 60min,8,-21.0,-11.8125,-21.006724779165364,-9.039084447594531,3,8,2.7734237052746473,13.810282746154847,included
Acc 60min,2025_04_11,012,PW78,Acc 60min,9,21.0,-11.8125,21.131232108910893,-9.139738007116335,3,9,2.6759817893649163,5.39516589846688,included
Acc 60min,2025_04_12,011,MQ85,Acc 60min,1,-21.0,11.8125,-18.104315671734025,7.721720567992214,3,1,5.0119321713589775,9.424916119560141,included
Acc 60min,2025_04_12,011,MQ85,Acc 60min,2,21.0,11.8125,22.79690803010361,7.642503448921737,3,2,4.54067722973737,8.674443165948492,included
Acc 60min,2025_04_12,011,MQ85,Acc 60min,3,-10.2,5.7375,-9.123730520220375,4.368925307875778,3,3,1.7410780226710147,10.068398794156224,included
Acc 60min,2025_04_12,011,MQ85,Acc 60min,4,9.600000000000001,5.7375,11.824898336505903,4.391383733870424,3,4,2.6004233520189284,10.309246578678568,included
Acc 60min,2025_04_12,011,MQ85,Acc 60min,5,0.0,-0.0,-3.1612665180230395,2.2396563127090303,3,5,3.874231071713576,9.498745418277842,included
Acc 60min,2025_04_12,011,MQ85,Acc 60min,6,-10.2,-5.400000000000001,-9.404763851851852,-7.639128791666667,2,6,2.376151989455246,10.511466439637065,included
Acc 60min,2025_04_12,011,MQ85,Acc 60min,7,9.600000000000001,-5.400000000000001,9.794535999999999,-9.28940475,3,7,3.8942667557087747,8.945395083044492,included
Acc 60min,2025_04_12,011,MQ85,Acc 60min,8,-21.0,-11.8125,-19.424829051383398,-13.531241250529362,3,8,2.3313590464870404,13.810282746154847,included
Acc 60min,2025_04_12,011,MQ85,Acc 60min,9,21.0,-11.8125,24.90302376485303,-12.656771055347093,3,9,3.993292892326385,5.39516589846688,included
Acc 60min,2025_04_12,014,QZ00,Acc 60min,1,-21.0,11.8125,-30.0,16.875,3,1,10.326127359760774,9.424916119560141,robust_centroid_outlier
Acc 60min,2025_04_12,014,QZ00,Acc 60min,2,21.0,11.8125,-30.0,16.875,3,1,51.25064786175878,8.674443165948492,target_mismatch
Acc 60min,2025_04_12,014,QZ00,Acc 60min,3,-10.2,5.7375,-30.0,16.875,2,1,22.7174801914737,10.068398794156224,target_mismatch
Acc 60min,2025_04_12,014,QZ00,Acc 60min,4,9.600000000000001,5.7375,-30.0,16.875,3,1,41.13640609302179,10.309246578678568,target_mismatch
Acc 60min,2025_04_12,014,QZ00,Acc 60min,5,0.0,-0.0,-30.0,16.875,3,1,34.42042453253591,9.498745418277842,target_mismatch
Acc 60min,2025_04_12,014,QZ00,Acc 60min,6,-10.2,-5.400000000000001,-30.0,16.875,3,1,29.80294658251093,10.511466439637065,target_mismatch
Acc 60min,2025_04_12,014,QZ00,Acc 60min,7,9.600000000000001,-5.400000000000001,-30.0,16.875,3,1,45.4349603829474,8.945395083044492,target_mismatch
Acc 60min,2025_04_12,014,QZ00,Acc 60min,8,-21.0,-11.8125,-30.0,16.875,3,1,30.066138033508725,13.810282746154847,target_mismatch
Acc 60min,2025_04_12,014,QZ00,Acc 60min,9,21.0,-11.8125,-30.0,16.875,3,1,58.51472170531105,5.39516589846688,target_mismatch
Acc 60min,2025_04_12,016,NM84,Acc 60min,3,-10.2,5.7375,-11.18687248913877,14.886263166049067,3,3,9.201835946063978,10.068398794156224,included
Acc 60min,2025_04_12,016,NM84,Acc 60min,4,9.600000000000001,5.7375,8.408375114942528,15.03440072737069,3,4,9.372957537579797,10.309246578678568,included
Acc 60min,2025_04_12,016,NM84,Acc 60min,5,0.0,-0.0,-1.7289007928913194,9.05018188674812,3,3,9.213842311157924,9.498745418277842,target_mismatch
Acc 60min,2025_04_12,016,NM84,Acc 60min,6,-10.2,-5.400000000000001,-9.89107069810035,3.3289751700062293,3,3,8.734440155622883,10.511466439637065,target_mismatch
Acc 60min,2025_04_12,016,NM84,Acc 60min,7,9.600000000000001,-5.400000000000001,7.173340645084646,2.184326278957529,3,4,7.963082363663205,8.945395083044492,target_mismatch
Acc 60min,2025_04_12,016,NM84,Acc 60min,8,-21.0,-11.8125,-21.606880664251207,-4.9293359375,3,8,6.9098662542724725,13.810282746154847,included
Acc 60min,2025_04_12,016,NM84,Acc 60min,9,21.0,-11.8125,17.209666699723368,-5.582324549819927,3,9,7.2925792876877535,5.39516589846688,robust_centroid_outlier
Acc 60min,2025_04_12,022,SY91,Acc 60min,1,-21.0,11.8125,-18.97074,16.2960075,2,1,4.921355062394531,9.424916119560141,included
Acc 60min,2025_04_12,022,SY91,Acc 60min,2,21.0,11.8125,17.933699999999998,16.51087125,2,2,5.610426730011415,8.674443165948492,included
Acc 60min,2025_04_12,022,SY91,Acc 60min,3,-10.2,5.7375,-12.404945832634581,13.177787963273518,3,3,7.760133446100358,10.068398794156224,included
Acc 60min,2025_04_12,022,SY91,Acc 60min,4,9.600000000000001,5.7375,7.656663265306122,13.768925057977738,3,4,8.263192247934414,10.309246578678568,included
Acc 60min,2025_04_12,022,SY91,Acc 60min,5,0.0,-0.0,-1.3432263345918078,9.36732372008586,3,5,9.463139577477664,9.498745418277842,included
Acc 60min,2025_04_12,022,SY91,Acc 60min,6,-10.2,-5.400000000000001,-10.853166999616418,3.3039382770014796,3,3,8.728411577099203,10.511466439637065,target_mismatch
Acc 60min,2025_04_12,022,SY91,Acc 60min,7,9.600000000000001,-5.400000000000001,8.040325153883828,4.542997943873053,3,4,10.064581150622777,8.945395083044492,target_mismatch
Acc 60min,2025_04_12,022,SY91,Acc 60min,8,-21.0,-11.8125,-20.867316783216783,-3.755435892107892,3,8,8.058156543198898,13.810282746154847,included
Acc 60min,2025_04_12,022,SY91,Acc 60min,9,21.0,-11.8125,19.04094169885103,-1.450693900653869,3,7,10.545375055812258,5.39516589846688,target_mismatch
Acc 60min,2025_04_12,023,YR00,Acc 60min,1,-21.0,11.8125,-19.2355035505618,6.646327492339122,3,1,5.459192806541193,9.424916119560141,included
Acc 60min,2025_04_12,023,YR00,Acc 60min,2,21.0,11.8125,18.237919421906692,7.35534401622718,2,2,5.243598819852841,8.674443165948492,included
Acc 60min,2025_04_12,023,YR00,Acc 60min,3,-10.2,5.7375,-12.760731791541263,4.099184966073623,3,3,3.039970963446742,10.068398794156224,included
Acc 60min,2025_04_12,023,YR00,Acc 60min,4,9.600000000000001,5.7375,9.04848409477613,4.046418533251734,3,4,1.7787429046645193,10.309246578678568,included
Acc 60min,2025_04_12,023,YR00,Acc 60min,5,0.0,-0.0,-2.3171527631578948,-3.5766086101973684,3,5,4.261610737543754,9.498745418277842,included
Acc 60min,2025_04_12,023,YR00,Acc 60min,6,-10.2,-5.400000000000001,-10.383617674731184,-8.236244367439516,3,6,2.842181831323616,10.511466439637065,included
Acc 60min,2025_04_12,023,YR00,Acc 60min,7,9.600000000000001,-5.400000000000001,2.719592857142857,-6.095600089285714,3,5,6.915479877470103,8.945395083044492,target_mismatch
Acc 60min,2025_04_12,023,YR00,Acc 60min,8,-21.0,-11.8125,-27.50530936391401,-10.032611850685258,3,8,6.744408924753773,13.810282746154847,included
Acc 60min,2025_04_12,023,YR00,Acc 60min,9,21.0,-11.8125,22.41918804033759,-11.096250211352656,3,9,1.5896881623685248,5.39516589846688,included
Acc 60min,2025_04_12,027,SS73,Acc 60min,1,-21.0,11.8125,-24.11761274337805,9.834425366679566,3,1,3.6921929083755876,9.424916119560141,included
Acc 60min,2025_04_12,027,SS73,Acc 60min,2,21.0,11.8125,24.050274686548022,10.980404126984126,3,2,3.1617335759493845,8.674443165948492,included
Acc 60min,2025_04_12,027,SS73,Acc 60min,3,-10.2,5.7375,-11.67084264969354,2.0268050150282884,3,3,3.991570539480885,10.068398794156224,included
Acc 60min,2025_04_12,027,SS73,Acc 60min,4,9.600000000000001,5.7375,10.969865770348838,2.7765988226266067,3,4,3.2624328362350323,10.309246578678568,included
Acc 60min,2025_04_12,027,SS73,Acc 60min,5,0.0,-0.0,0.14622003710575146,-3.6189492578849722,3,5,3.6219019907221948,9.498745418277842,included
Acc 60min,2025_04_12,027,SS73,Acc 60min,6,-10.2,-5.400000000000001,-11.045883847320525,-10.588735932562878,3,6,5.257233118383369,10.511466439637065,included
Acc 60min,2025_04_12,027,SS73,Acc 60min,7,9.600000000000001,-5.400000000000001,9.781964365079364,-10.419376138392858,3,7,5.022673376681618,8.945395083044492,included
Acc 60min,2025_04_12,027,SS73,Acc 60min,8,-21.0,-11.8125,-13.02158035714286,-10.949530580357143,2,6,8.024954592816547,13.810282746154847,target_mismatch
Acc 60min,2025_04_12,027,SS73,Acc 60min,9,21.0,-11.8125,22.437752727272727,-16.49723318181818,2,9,4.900393646392957,5.39516589846688,included
Acc 60min,2025_04_12,031,AW75,Acc 60min,1,-21.0,11.8125,-20.47784036714976,11.914313891304348,3,1,0.5319931866488808,9.424916119560141,included
Acc 60min,2025_04_12,031,AW75,Acc 60min,2,21.0,11.8125,22.581873940296305,10.594971363463179,3,2,1.9961716218240775,8.674443165948492,included
Acc 60min,2025_04_12,031,AW75,Acc 60min,3,-10.2,5.7375,-13.180963660036168,6.639052889918626,3,3,3.114312437084125,10.068398794156224,included
Acc 60min,2025_04_12,031,AW75,Acc 60min,4,9.600000000000001,5.7375,11.988524579428022,7.035238896899784,3,4,2.718303866579024,10.309246578678568,included
Acc 60min,2025_04_12,031,AW75,Acc 60min,5,0.0,-0.0,-0.43828635561968876,-2.151895168199856,3,5,2.1960755324997985,9.498745418277842,included
Acc 60min,2025_04_12,031,AW75,Acc 60min,6,-10.2,-5.400000000000001,-8.97212602983362,-6.919628706970741,3,6,1.9537005639712832,10.511466439637065,included
Acc 60min,2025_04_12,031,AW75,Acc 60min,7,9.600000000000001,-5.400000000000001,10.18137278949836,-7.974358575949367,3,7,2.6391885870344978,8.945395083044492,included
Acc 60min,2025_04_12,031,AW75,Acc 60min,8,-21.0,-11.8125,-24.616422043010754,-13.030146282762097,3,8,3.815910227337434,13.810282746154847,included
Acc 60min,2025_04_12,031,AW75,Acc 60min,9,21.0,-11.8125,22.84120035983004,-12.48296764116997,3,9,1.959475854123825,5.39516589846688,included
Acc 60min,2025_04_12,032,JH71,Acc 60min,1,-21.0,11.8125,-23.502813959797436,12.68086975474111,3,1,2.64917793821141,9.424916119560141,included
Acc 60min,2025_04_12,032,JH71,Acc 60min,2,21.0,11.8125,23.17239481924409,12.647299356600682,3,2,2.327270765609252,8.674443165948492,included
Acc 60min,2025_04_12,032,JH71,Acc 60min,3,-10.2,5.7375,-10.945411012737722,6.430158657701429,3,3,1.0175527475268409,10.068398794156224,included
Acc 60min,2025_04_12,032,JH71,Acc 60min,4,9.600000000000001,5.7375,13.27359988331561,6.230615071838444,3,4,3.706548067511156,10.309246578678568,included
Acc 60min,2025_04_12,032,JH71,Acc 60min,5,0.0,-0.0,0.1840937443749375,1.0845688026394738,3,5,1.1000818125834126,9.498745418277842,included
Acc 60min,2025_04_12,032,JH71,Acc 60min,6,-10.2,-5.400000000000001,-10.831610774627721,-5.677074620357896,3,6,0.689711907880604,10.511466439637065,included
Acc 60min,2025_04_12,032,JH71,Acc 60min,7,9.600000000000001,-5.400000000000001,11.113289771431829,-4.589092263380643,3,7,1.7168626298074412,8.945395083044492,included
Acc 60min,2025_04_12,032,JH71,Acc 60min,8,-21.0,-11.8125,-22.182858626487647,-11.5325299427599,3,8,1.2155401117228783,13.810282746154847,included
Acc 60min,2025_04_12,032,JH71,Acc 60min,9,21.0,-11.8125,22.612317873254565,-12.777531936090227,3,9,1.8790570938878295,5.39516589846688,included
ALL,2025_04_11,000,CL98,Calib & Acc,1,-21.0,11.8125,-20.719701235294117,9.835546301470588,3,1,1.996725650565136,8.573671891326619,included
ALL,2025_04_11,000,CL98,Calib & Acc,2,21.0,11.8125,23.214414782608696,15.252102635869566,2,2,4.090782213967982,7.19101718367572,included
ALL,2025_04_11,000,CL98,Calib & Acc,3,-10.2,5.7375,-10.774279687500002,6.29447625,2,3,0.8000123139922053,6.969987914812592,included
ALL,2025_04_11,000,CL98,Calib & Acc,4,9.600000000000001,5.7375,9.502048351648352,8.532804807692308,1,4,2.797020467090389,7.180731160076331,included
ALL,2025_04_11,000,CL98,Calib & Acc,5,0.0,-0.0,0.1878571220930234,-3.820718663699128,2,5,3.8253341560522425,8.533633012067215,included
ALL,2025_04_11,000,CL98,Calib & Acc,6,-10.2,-5.400000000000001,-17.407940368906456,5.63851658596838,3,1,13.183446164808744,6.572691231975758,target_mismatch
ALL,2025_04_11,000,CL98,Calib & Acc,7,9.600000000000001,-5.400000000000001,9.764391506572295,-5.740787127148634,2,7,0.3783654760457497,6.545292293585061,included
ALL,2025_04_11,000,CL98,Calib & Acc,8,-21.0,-11.8125,-20.644711822660096,-11.169093152347145,3,8,0.7349843947758998,8.121455080871753,included
ALL,2025_04_11,000,CL98,Calib & Acc,9,21.0,-11.8125,23.591159999999995,-5.9422274999999996,1,9,6.416713284061882,9.182055370551595,included
ALL,2025_04_11,001,CL98,Acc 10min,1,-21.0,11.8125,-12.38332,-4.978305000000001,1,6,18.87268679256944,8.573671891326619,target_mismatch
ALL,2025_04_11,001,CL98,Acc 10min,5,0.0,-0.0,0.9781826086956521,8.201352717391304,1,5,8.259481073954728,8.533633012067215,included
ALL,2025_04_11,001,CL98,Acc 10min,7,9.600000000000001,-5.400000000000001,8.819387096774193,-6.486728225806451,1,7,1.338033908930211,6.545292293585061,included
ALL,2025_04_11,001,CL98,Acc 10min,8,-21.0,-11.8125,2.696640000000003,-14.49981,1,7,23.848529982489488,8.121455080871753,target_mismatch
ALL,2025_04_11,003,LW03,Calib & Acc,1,-21.0,11.8125,-21.948508780661214,12.758107472004976,2,1,1.3393440178322615,8.573671891326619,included
ALL,2025_04_11,003,LW03,Calib & Acc,2,21.0,11.8125,20.107937810520728,12.541618564043121,3,2,1.1521236176430272,7.19101718367572,included
ALL,2025_04_11,003,LW03,Calib & Acc,3,-10.2,5.7375,-10.651692660083478,7.877644537619436,3,3,2.187291681755225,6.969987914812592,included
ALL,2025_04_11,003,LW03,Calib & Acc,4,9.600000000000001,5.7375,8.477475386975094,5.595232757894004,3,4,1.131504076450087,7.180731160076331,included
ALL,2025_04_11,003,LW03,Calib & Acc,5,0.0,-0.0,-0.49951199867356905,-1.4075996504301689,3,5,1.4936026957360504,8.533633012067215,included
ALL,2025_04_11,003,LW03,Calib & Acc,6,-10.2,-5.400000000000001,-10.529939049873871,-6.243586959899378,3,6,0.9058138525900045,6.572691231975758,included
ALL,2025_04_11,003,LW03,Calib & Acc,7,9.600000000000001,-5.400000000000001,8.502665022137888,-6.290195030834915,3,7,1.413007872080979,6.545292293585061,included
ALL,2025_04_11,003,LW03,Calib & Acc,8,-21.0,-11.8125,-22.52721466707365,-11.45763803291109,3,8,1.5679003970313583,8.121455080871753,included
ALL,2025_04_11,003,LW03,Calib & Acc,9,21.0,-11.8125,19.941237805605248,-11.767430635062611,3,9,1.0597210160865222,9.182055370551595,included
ALL,2025_04_11,004,LW03,Acc 10min,1,-21.0,11.8125,-23.118776398467435,14.609515431034483,3,1,3.5089184584637545,8.573671891326619,included
ALL,2025_04_11,004,LW03,Acc 10min,2,21.0,11.8125,21.590260648278015,12.549117615708274,3,2,0.9439349260819443,7.19101718367572,included
ALL,2025_04_11,004,LW03,Acc 10min,3,-10.2,5.7375,-11.966514926372156,8.82103985943775,3,3,3.5537013169140996,6.969987914812592,included
ALL,2025_04_11,004,LW03,Acc 10min,4,9.600000000000001,5.7375,9.796914753764755,7.77600662202381,3,4,2.047995280337618,7.180731160076331,included
ALL,2025_04_11,004,LW03,Acc 10min,5,0.0,-0.0,-0.843964387096774,-2.1872908548387096,3,5,2.3444652205457617,8.533633012067215,included
ALL,2025_04_11,004,LW03,Acc 10min,6,-10.2,-5.400000000000001,-10.700772151183953,-6.331933443760142,3,6,1.0579568474186647,6.572691231975758,included
ALL,2025_04_11,004,LW03,Acc 10min,7,9.600000000000001,-5.400000000000001,8.860403850136725,-5.589598378567788,3,7,0.763511630591254,6.545292293585061,included
ALL,2025_04_11,004,LW03,Acc 10min,8,-21.0,-11.8125,-21.38761773681458,-13.06139544591831,3,8,1.3076648441893473,8.121455080871753,included
ALL,2025_04_11,004,LW03,Acc 10min,9,21.0,-11.8125,20.372262966133942,-12.10140545911815,3,9,0.6910283264781737,9.182055370551595,included
ALL,2025_04_11,005,JL98,Calib & Acc,1,-21.0,11.8125,-21.628533836499322,12.58980440128901,2,1,0.9996283888965054,8.573671891326619,included
ALL,2025_04_11,005,JL98,Calib & Acc,2,21.0,11.8125,19.469839797901283,11.632862116206763,2,2,1.5406686903356277,7.19101718367572,included
ALL,2025_04_11,005,JL98,Calib & Acc,3,-10.2,5.7375,-9.490020638186573,6.610612968177855,3,3,1.1253430363233,6.969987914812592,included
ALL,2025_04_11,005,JL98,Calib & Acc,4,9.600000000000001,5.7375,11.651617573849153,3.6065614709851554,3,4,2.9580455851400647,7.180731160076331,included
ALL,2025_04_11,005,JL98,Calib & Acc,5,0.0,-0.0,3.3513597619047615,-0.4028506250000003,3,5,3.3754852806340647,8.533633012067215,included
ALL,2025_04_11,005,JL98,Calib & Acc,6,-10.2,-5.400000000000001,-4.561153823088456,-7.391363905547226,3,6,5.980143510918966,6.572691231975758,included
ALL,2025_04_11,005,JL98,Calib & Acc,7,9.600000000000001,-5.400000000000001,16.175490183792814,-2.048384856672932,3,7,7.380406169455375,6.545292293585061,robust_centroid_outlier
ALL,2025_04_11,005,JL98,Calib & Acc,8,-21.0,-11.8125,-19.88903026419678,-9.912532985741104,3,8,2.200938074808681,8.121455080871753,included
ALL,2025_04_11,005,JL98,Calib & Acc,9,21.0,-11.8125,26.14060131930349,-9.073920356732721,3,9,5.824568686739191,9.182055370551595,included
ALL,2025_04_11,006,JL98,Acc 10min,1,-21.0,11.8125,-21.793182538878842,12.107137630877034,3,1,0.8461382118254185,8.573671891326619,included
ALL,2025_04_11,006,JL98,Acc 10min,2,21.0,11.8125,18.692616134453782,13.204816638655464,3,2,2.6949148270882057,7.19101718367572,included
ALL,2025_04_11,006,JL98,Acc 10min,3,-10.2,5.7375,-9.016634882135044,5.921163361381157,3,3,1.1975329776224808,6.969987914812592,included
ALL,2025_04_11,006,JL98,Acc 10min,4,9.600000000000001,5.7375,17.09513137254902,1.0062595588235295,3,4,8.863499895864628,7.180731160076331,robust_centroid_outlier
ALL,2025_04_11,006,JL98,Acc 10min,5,0.0,-0.0,8.489513382594417,-3.8302022475369455,3,7,9.313553925880644,8.533633012067215,target_mismatch
ALL,2025_04_11,006,JL98,Acc 10min,6,-10.2,-5.400000000000001,-2.8052167517742066,-9.443394021535198,3,6,8.428039778123225,6.572691231975758,robust_centroid_outlier
ALL,2025_04_11,006,JL98,Acc 10min,7,9.600000000000001,-5.400000000000001,25.755500089605732,-14.376236491935485,3,9,18.481693772606587,6.545292293585061,target_mismatch
ALL,2025_04_11,006,JL98,Acc 10min,8,-21.0,-11.8125,-21.291551270480795,-9.78361863366237,3,8,2.0497223572940353,8.121455080871753,included
ALL,2025_04_11,007,CL98,Acc 60min,1,-21.0,11.8125,-16.48765556563823,8.766110611388385,3,1,5.44442288965149,8.573671891326619,included
ALL,2025_04_11,007,CL98,Acc 60min,2,21.0,11.8125,22.43750486552317,13.021811901037879,3,2,1.8785248234704366,7.19101718367572,included
ALL,2025_04_11,007,CL98,Acc 60min,3,-10.2,5.7375,-7.971697911547912,8.41874670608108,2,3,3.4863181289536067,6.969987914812592,included
ALL,2025_04_11,007,CL98,Acc 60min,4,9.600000000000001,5.7375,15.652537393271963,6.294124681342026,3,4,6.078078638256868,7.180731160076331,included
ALL,2025_04_11,007,CL98,Acc 60min,5,0.0,-0.0,13.150081325301207,-8.175323227732358,3,7,15.484203200033761,8.533633012067215,target_mismatch
ALL,2025_04_11,007,CL98,Acc 60min,6,-10.2,-5.400000000000001,-0.37744840545863184,-8.428768577678982,3,5,10.2789084500526,6.572691231975758,target_mismatch
ALL,2025_04_11,007,CL98,Acc 60min,7,9.600000000000001,-5.400000000000001,27.577213596491227,-13.507043092105263,2,9,19.72065811252557,6.545292293585061,target_mismatch
ALL,2025_04_11,007,CL98,Acc 60min,8,-21.0,-11.8125,-4.184092528770077,-12.528961293754497,3,6,16.831163384223167,8.121455080871753,target_mismatch
ALL,2025_04_11,008,LW03,Acc 60min,1,-21.0,11.8125,0.732857142857143,2.1758625,1,5,23.77355383400309,8.573671891326619,target_mismatch
ALL,2025_04_11,008,LW03,Acc 60min,2,21.0,11.8125,25.12660592248747,11.410219929542441,3,2,4.146167591233621,7.19101718367572,included
ALL,2025_04_11,008,LW03,Acc 60min,3,-10.2,5.7375,-12.146483884564397,12.703328224713863,3,3,7.232673251923468,6.969987914812592,robust_centroid_outlier
ALL,2025_04_11,008,LW03,Acc 60min,4,9.600000000000001,5.7375,14.375409213483145,8.023837547958346,3,4,5.294513437458052,7.180731160076331,included
ALL,2025_04_11,008,LW03,Acc 60min,5,0.0,-0.0,9.854010783682233,-2.766673167270531,3,7,10.23503829692007,8.533633012067215,target_mismatch
ALL,2025_04_11,008,LW03,Acc 60min,6,-10.2,-5.400000000000001,-3.844752238455671,-6.869935543368245,3,6,6.523027258280583,6.572691231975758,included
ALL,2025_04_11,008,LW03,Acc 60min,7,9.600000000000001,-5.400000000000001,29.234937416525145,-13.146980372343982,3,9,21.107971769934267,6.545292293585061,target_mismatch
ALL,2025_04_11,008,LW03,Acc 60min,8,-21.0,-11.8125,-24.942834782608696,-8.666962334112739,2,8,5.043843111206418,8.121455080871753,included
ALL,2025_04_11,009,PW78,Calib & Acc,1,-21.0,11.8125,-21.462278378976894,10.934393937080165,3,1,0.9923565676741796,8.573671891326619,included
ALL,2025_04_11,009,PW78,Calib & Acc,2,21.0,11.8125,22.118256699690402,13.054693054179566,3,2,1.6713891319062801,7.19101718367572,included
ALL,2025_04_11,009,PW78,Calib & Acc,3,-10.2,5.7375,-11.117876676294031,7.409327760257391,3,3,1.9072245942342039,6.969987914812592,included
ALL,2025_04_11,009,PW78,Calib & Acc,4,9.600000000000001,5.7375,10.267558945212494,8.168507949308756,3,4,2.520998729657669,7.180731160076331,included
ALL,2025_04_11,009,PW78,Calib & Acc,5,0.0,-0.0,-0.1521913450292398,1.9000951315789472,3,5,1.9061803992675577,8.533633012067215,included
ALL,2025_04_11,009,PW78,Calib & Acc,6,-10.2,-5.400000000000001,-10.4715949115484,-3.637583911001789,3,6,1.7832201958083413,6.572691231975758,included
ALL,2025_04_11,009,PW78,Calib & Acc,7,9.600000000000001,-5.400000000000001,10.812871604938271,-3.909580902777778,3,7,1.921563586101236,6.545292293585061,included
ALL,2025_04_11,009,PW78,Calib & Acc,8,-21.0,-11.8125,-22.16568080211046,-10.363028518833902,3,8,1.8600482002149115,8.121455080871753,included
ALL,2025_04_11,009,PW78,Calib & Acc,9,21.0,-11.8125,22.408437668169,-10.167534637539879,3,9,2.165550209256504,9.182055370551595,included
ALL,2025_04_11,010,PW78,Acc 10min,1,-21.0,11.8125,-21.76148209058121,12.572884734986914,3,1,1.0761226321739783,8.573671891326619,included
ALL,2025_04_11,010,PW78,Acc 10min,2,21.0,11.8125,20.722441511159037,14.75718468855495,3,2,2.9577367411143345,7.19101718367572,included
ALL,2025_04_11,010,PW78,Acc 10min,3,-10.2,5.7375,-10.61772871962872,8.470663866707616,3,3,2.7649018075654657,6.969987914812592,included
ALL,2025_04_11,010,PW78,Acc 10min,4,9.600000000000001,5.7375,9.441399565779749,9.706370716983093,3,4,3.972038376685294,7.180731160076331,included
ALL,2025_04_11,010,PW78,Acc 10min,5,0.0,-0.0,0.0967912840092765,3.229204319849822,3,5,3.2306545918740546,8.533633012067215,included
ALL,2025_04_11,010,PW78,Acc 10min,6,-10.2,-5.400000000000001,-9.731597053140097,-3.1414396440217387,3,6,2.3066200818998555,6.572691231975758,included
ALL,2025_04_11,010,PW78,Acc 10min,7,9.600000000000001,-5.400000000000001,10.978207019400353,-3.1211315178571426,3,7,2.6632116226895106,6.545292293585061,included
ALL,2025_04_11,010,PW78,Acc 10min,8,-21.0,-11.8125,-20.27645571789219,-9.180558033441189,3,8,2.7295851046458264,8.121455080871753,included
ALL,2025_04_11,010,PW78,Acc 10min,9,21.0,-11.8125,24.318662506405776,-8.984967193396226,3,9,4.359869562709885,9.182055370551595,included
ALL,2025_04_11,011,JL98,Acc 60min,1,-21.0,11.8125,-23.46112248261817,8.551638486975563,3,1,4.085381460962078,8.573671891326619,included
ALL,2025_04_11,011,JL98,Acc 60min,2,21.0,11.8125,21.499499999999998,13.5714140625,1,2,1.8284635433227137,7.19101718367572,included
ALL,2025_04_11,011,JL98,Acc 60min,3,-10.2,5.7375,-11.69526098901099,4.782562441464785,2,3,1.7741790118134422,6.969987914812592,included
ALL,2025_04_11,011,JL98,Acc 60min,4,9.600000000000001,5.7375,7.8148171875,5.07419384765625,2,4,1.9044297639405041,7.180731160076331,included
ALL,2025_04_11,011,JL98,Acc 60min,5,0.0,-0.0,-0.5966079999999998,-4.372002,1,5,4.412521115379279,8.533633012067215,included
ALL,2025_04_11,011,JL98,Acc 60min,6,-10.2,-5.400000000000001,-9.450307317073172,-10.326396951219513,1,6,4.983114090588226,6.572691231975758,included
ALL,2025_04_11,011,JL98,Acc 60min,7,9.600000000000001,-5.400000000000001,7.11525,-9.414365625,1,7,4.721134814182035,6.545292293585061,included
ALL,2025_04_11,011,JL98,Acc 60min,8,-21.0,-11.8125,-21.782763829787235,-13.532651329787234,1,8,1.8898782528491003,8.121455080871753,included
ALL,2025_04_11,011,JL98,Acc 60min,9,21.0,-11.8125,19.690119821220367,-13.291614387388265,2,9,1.9757442784274293,9.182055370551595,included
ALL,2025_04_11,012,PW78,Acc 60min,1,-21.0,11.8125,-21.412585694249646,10.762234554698457,3,1,1.1283990697860002,8.573671891326619,included
ALL,2025_04_11,012,PW78,Acc 60min,2,21.0,11.8125,21.241978219399073,13.166043850952812,3,2,1.3750034236741793,7.19101718367572,included
ALL,2025_04_11,012,PW78,Acc 60min,3,-10.2,5.7375,-11.525657048561998,6.93961166460396,3,3,1.789535991417611,6.969987914812592,included
ALL,2025_04_11,012,PW78,Acc 60min,4,9.600000000000001,5.7375,10.598085018914214,7.823715069073813,3,4,2.312675294850455,7.180731160076331,included
ALL,2025_04_11,012,PW78,Acc 60min,5,0.0,-0.0,0.21177510876730385,1.8572872956493078,3,5,1.869322014868953,8.533633012067215,included
ALL,2025_04_11,012,PW78,Acc 60min,6,-10.2,-5.400000000000001,-11.086119470005897,-2.7746190431721076,3,6,2.770890269136993,6.572691231975758,included
ALL,2025_04_11,012,PW78,Acc 60min,7,9.600000000000001,-5.400000000000001,10.527924076496463,-2.344706147375215,3,7,3.193096243088927,6.545292293585061,included
ALL,2025_04_11,012,PW78,Acc 60min,8,-21.0,-11.8125,-21.006724779165364,-9.039084447594531,3,8,2.7734237052746473,8.121455080871753,included
ALL,2025_04_11,012,PW78,Acc 60min,9,21.0,-11.8125,21.131232108910893,-9.139738007116335,3,9,2.6759817893649163,9.182055370551595,included
ALL,2025_04_12,001,CL98test,Calib & Acc,1,-21.0,11.8125,-21.497423374925727,15.163018686497326,3,1,3.3872415742740087,8.573671891326619,included
ALL,2025_04_12,001,CL98test,Calib & Acc,2,21.0,11.8125,23.217597025641027,14.26508108653846,3,2,3.306492182688189,7.19101718367572,included
ALL,2025_04_12,001,CL98test,Calib & Acc,3,-10.2,5.7375,-10.205756788345694,9.019307594679242,3,3,3.2818126438153676,6.969987914812592,included
ALL,2025_04_12,001,CL98test,Calib & Acc,4,9.600000000000001,5.7375,12.250716930763568,8.233027135504036,3,4,3.6405982930108625,7.180731160076331,included
ALL,2025_04_12,001,CL98test,Calib & Acc,5,0.0,-0.0,0.8152702618822009,-0.46116853911753813,3,5,0.9366653732156841,8.533633012067215,included
ALL,2025_04_12,001,CL98test,Calib & Acc,6,-10.2,-5.400000000000001,-8.48857327946468,-4.740019424199861,3,6,1.834272547958935,6.572691231975758,included
ALL,2025_04_12,001,CL98test,Calib & Acc,7,9.600000000000001,-5.400000000000001,10.508399625564968,-5.132886074496004,3,7,0.9468578187482669,6.545292293585061,included
ALL,2025_04_12,001,CL98test,Calib & Acc,8,-21.0,-11.8125,-18.850490717556678,-10.95602474095054,3,8,2.313858255095555,8.121455080871753,included
ALL,2025_04_12,001,CL98test,Calib & Acc,9,21.0,-11.8125,21.12202986697513,-11.281598250433776,3,9,0.5447457720133729,9.182055370551595,included
ALL,2025_04_12,002,MQ85,Calib & Acc,1,-21.0,11.8125,-20.204097592826407,12.237385965660835,3,1,0.9022132373005058,8.573671891326619,included
ALL,2025_04_12,002,MQ85,Calib & Acc,2,21.0,11.8125,18.86628582044828,12.40080864347357,3,2,2.2133330657643424,7.19101718367572,included
ALL,2025_04_12,002,MQ85,Calib & Acc,3,-10.2,5.7375,-11.154491268910695,8.227914132235126,3,3,2.667061328965494,6.969987914812592,included
ALL,2025_04_12,002,MQ85,Calib & Acc,4,9.600000000000001,5.7375,5.88928757336911,10.428342996394433,3,4,5.981086417196764,7.180731160076331,included
ALL,2025_04_12,002,MQ85,Calib & Acc,5,0.0,-0.0,-5.65885236009581,6.16015174833577,3,3,8.364811988077566,8.533633012067215,target_mismatch
ALL,2025_04_12,002,MQ85,Calib & Acc,6,-10.2,-5.400000000000001,-10.555909820426487,-5.789317140151515,3,6,0.5274842517950354,6.572691231975758,included
ALL,2025_04_12,002,MQ85,Calib & Acc,7,9.600000000000001,-5.400000000000001,2.627526010552479,-5.503155288776,3,5,6.973237020718908,6.545292293585061,target_mismatch
ALL,2025_04_12,002,MQ85,Calib & Acc,8,-21.0,-11.8125,-28.081381346423566,-8.15102286553296,3,8,7.971974446754117,8.121455080871753,included
ALL,2025_04_12,002,MQ85,Calib & Acc,9,21.0,-11.8125,19.286915555555556,-7.91895,3,9,4.253750100358216,9.182055370551595,included
ALL,2025_04_12,003,MQ85,Acc 10min,1,-21.0,11.8125,-20.775042962962964,13.592151666666666,2,1,1.7938131795652315,8.573671891326619,included
ALL,2025_04_12,003,MQ85,Acc 10min,2,21.0,11.8125,19.153471232876715,13.948782534246575,1,2,2.8237159123999724,7.19101718367572,included
ALL,2025_04_12,003,MQ85,Acc 10min,3,-10.2,5.7375,-11.313438645066274,9.610550125184094,2,3,4.029920953134881,6.969987914812592,included
ALL,2025_04_12,003,MQ85,Acc 10min,4,9.600000000000001,5.7375,10.056655191434134,9.830478850989618,2,4,4.118374659803554,7.180731160076331,included
ALL,2025_04_12,003,MQ85,Acc 10min,5,0.0,-0.0,-1.4162100000000004,10.480981193181819,2,3,10.57622889010686,8.533633012067215,target_mismatch
ALL,2025_04_12,003,MQ85,Acc 10min,6,-10.2,-5.400000000000001,-9.802279907592407,-4.53907252278971,2,6,0.9483550985366083,6.572691231975758,included
ALL,2025_04_12,003,MQ85,Acc 10min,7,9.600000000000001,-5.400000000000001,10.905164383561644,-5.754009760273973,1,7,1.3523228085361412,6.545292293585061,included
ALL,2025_04_12,003,MQ85,Acc 10min,8,-21.0,-11.8125,-26.700684961685823,-8.8177208182703,3,8,6.439449617763346,8.121455080871753,included
ALL,2025_04_12,003,MQ85,Acc 10min,9,21.0,-11.8125,14.409331890756302,-4.8784604700630245,2,7,9.566494150363052,9.182055370551595,target_mismatch
ALL,2025_04_12,004,NM84,Calib & Acc,1,-21.0,11.8125,-21.075117426323676,12.637074981658964,3,1,0.8279894492778116,8.573671891326619,included
ALL,2025_04_12,004,NM84,Calib & Acc,2,21.0,11.8125,18.864459661643085,12.223526474741098,3,2,2.174735685017299,7.19101718367572,included
ALL,2025_04_12,004,NM84,Calib & Acc,3,-10.2,5.7375,-10.923056041552277,9.13151663264493,3,3,3.4701813989899257,6.969987914812592,included
ALL,2025_04_12,004,NM84,Calib & Acc,4,9.600000000000001,5.7375,9.692882812565886,8.261631482447818,3,4,2.52583985192141,7.180731160076331,included
ALL,2025_04_12,004,NM84,Calib & Acc,5,0.0,-0.0,-4.104755607491101,3.116184447550689,3,5,5.153603022001834,8.533633012067215,included
ALL,2025_04_12,004,NM84,Calib & Acc,6,-10.2,-5.400000000000001,-11.146669617014439,-2.5282810411101964,3,6,3.023731658501695,6.572691231975758,included
ALL,2025_04_12,004,NM84,Calib & Acc,7,9.600000000000001,-5.400000000000001,4.856980846774193,-3.3104887915826615,3,7,5.1828841177445355,6.545292293585061,included
ALL,2025_04_12,004,NM84,Calib & Acc,8,-21.0,-11.8125,-27.458218376928233,-9.75262860915493,3,8,6.778764987142978,8.121455080871753,included
ALL,2025_04_12,004,NM84,Calib & Acc,9,21.0,-11.8125,22.732644291754756,-10.952132445824525,3,9,1.9344995657865187,9.182055370551595,included
ALL,2025_04_12,005,QZ00,Calib & Acc,1,-21.0,11.8125,-16.519779791666668,4.376094525669643,3,3,8.68173366867522,8.573671891326619,target_mismatch
ALL,2025_04_12,005,QZ00,Calib & Acc,2,21.0,11.8125,19.912725319963055,9.889446014362996,3,2,2.2091407518589232,7.19101718367572,included
ALL,2025_04_12,005,QZ00,Calib & Acc,3,-10.2,5.7375,-11.278300242231888,10.58910161045047,3,3,4.969986881162057,6.969987914812592,included
ALL,2025_04_12,005,QZ00,Calib & Acc,4,9.600000000000001,5.7375,12.602566224580016,11.16200848806366,3,4,6.200056150557299,7.180731160076331,included
ALL,2025_04_12,005,QZ00,Calib & Acc,5,0.0,-0.0,-0.1599776419078428,2.031218730855,3,5,2.037508865866991,8.533633012067215,included
ALL,2025_04_12,005,QZ00,Calib & Acc,6,-10.2,-5.400000000000001,-8.68897967720685,-5.236174925889328,3,6,1.5198753471259672,6.572691231975758,included
ALL,2025_04_12,005,QZ00,Calib & Acc,7,9.600000000000001,-5.400000000000001,12.699102801724138,1.7230912869458128,3,4,7.768067176448577,6.545292293585061,target_mismatch
ALL,2025_04_12,005,QZ00,Calib & Acc,8,-21.0,-11.8125,-23.28739120879121,-5.709567239010989,2,8,6.5175107845870315,8.121455080871753,included
ALL,2025_04_12,005,QZ00,Calib & Acc,9,21.0,-11.8125,24.739021866067784,-6.940312658865864,3,9,6.141538406787076,9.182055370551595,included
ALL,2025_04_12,008,NM84,Acc 10min,1,-21.0,11.8125,-21.10698076923077,8.084020776098901,3,1,3.730013700785474,8.573671891326619,included
ALL,2025_04_12,008,NM84,Acc 10min,2,21.0,11.8125,15.774051892518868,9.809698560507483,3,2,5.596583531773552,7.19101718367572,included
ALL,2025_04_12,008,NM84,Acc 10min,3,-10.2,5.7375,-9.603444748490945,3.3852499308350104,3,3,2.426717650652776,6.969987914812592,included
ALL,2025_04_12,008,NM84,Acc 10min,4,9.600000000000001,5.7375,8.402125713069392,4.439815306855501,3,4,1.7660374769837268,7.180731160076331,included
ALL,2025_04_12,008,NM84,Acc 10min,5,0.0,-0.0,-2.965001809553609,-1.0638701863657696,3,5,3.1500881740189612,8.533633012067215,included
ALL,2025_04_12,008,NM84,Acc 10min,6,-10.2,-5.400000000000001,-10.91108097007224,-5.842263649380805,3,6,0.8373967288940797,6.572691231975758,included
ALL,2025_04_12,008,NM84,Acc 10min,7,9.600000000000001,-5.400000000000001,11.452864655172414,-5.714408890086207,2,7,1.8793510530373039,6.545292293585061,included
ALL,2025_04_12,008,NM84,Acc 10min,8,-21.0,-11.8125,-19.270085416666667,-11.766765234375,3,8,1.7305190361322558,8.121455080871753,included
ALL,2025_04_12,008,NM84,Acc 10min,9,21.0,-11.8125,27.276827020757022,-14.024045625,3,9,6.655035048740323,9.182055370551595,included
ALL,2025_04_12,011,MQ85,Acc 60min,1,-21.0,11.8125,-18.104315671734025,7.721720567992214,3,1,5.0119321713589775,8.573671891326619,included
ALL,2025_04_12,011,MQ85,Acc 60min,2,21.0,11.8125,22.79690803010361,7.642503448921737,3,2,4.54067722973737,7.19101718367572,included
ALL,2025_04_12,011,MQ85,Acc 60min,3,-10.2,5.7375,-9.123730520220375,4.368925307875778,3,3,1.7410780226710147,6.969987914812592,included
ALL,2025_04_12,011,MQ85,Acc 60min,4,9.600000000000001,5.7375,11.824898336505903,4.391383733870424,3,4,2.6004233520189284,7.180731160076331,included
ALL,2025_04_12,011,MQ85,Acc 60min,5,0.0,-0.0,-3.1612665180230395,2.2396563127090303,3,5,3.874231071713576,8.533633012067215,included
ALL,2025_04_12,011,MQ85,Acc 60min,6,-10.2,-5.400000000000001,-9.404763851851852,-7.639128791666667,2,6,2.376151989455246,6.572691231975758,included
ALL,2025_04_12,011,MQ85,Acc 60min,7,9.600000000000001,-5.400000000000001,9.794535999999999,-9.28940475,3,7,3.8942667557087747,6.545292293585061,included
ALL,2025_04_12,011,MQ85,Acc 60min,8,-21.0,-11.8125,-19.424829051383398,-13.531241250529362,3,8,2.3313590464870404,8.121455080871753,included
ALL,2025_04_12,011,MQ85,Acc 60min,9,21.0,-11.8125,24.90302376485303,-12.656771055347093,3,9,3.993292892326385,9.182055370551595,included
ALL,2025_04_12,012,QZ00,Acc 10min,1,-21.0,11.8125,-17.27151120531154,5.522619153792135,3,3,7.311923806469126,8.573671891326619,target_mismatch
ALL,2025_04_12,012,QZ00,Acc 10min,2,21.0,11.8125,21.072397149629975,7.115877154219183,3,2,4.69718080371459,7.19101718367572,included
ALL,2025_04_12,012,QZ00,Acc 10min,3,-10.2,5.7375,-10.143152421778764,4.829061572062084,3,3,0.910215372592625,6.969987914812592,included
ALL,2025_04_12,012,QZ00,Acc 10min,4,9.600000000000001,5.7375,11.953070276158511,5.230880637254901,3,4,2.406990424419868,7.180731160076331,included
ALL,2025_04_12,012,QZ00,Acc 10min,5,0.0,-0.0,0.7518616519092927,-0.7678385590249133,3,5,1.074649708666608,8.533633012067215,included
ALL,2025_04_12,012,QZ00,Acc 10min,6,-10.2,-5.400000000000001,-9.601660721466589,-8.457630461265524,3,6,3.115624163774362,6.572691231975758,included
ALL,2025_04_12,012,QZ00,Acc 10min,7,9.600000000000001,-5.400000000000001,10.697518916143304,-7.511069580222774,3,7,2.379319764940039,6.545292293585061,included
ALL,2025_04_12,012,QZ00,Acc 10min,8,-21.0,-11.8125,-22.19498591668379,-10.027252367579228,3,8,2.148278485238022,8.121455080871753,included
ALL,2025_04_12,012,QZ00,Acc 10min,9,21.0,-11.8125,25.592149042471362,-10.021764930044183,3,9,4.928951705894502,9.182055370551595,included
ALL,2025_04_12,013,SY91,Calib & Acc,1,-21.0,11.8125,-30.0,16.875,3,1,10.326127359760774,8.573671891326619,robust_centroid_outlier
ALL,2025_04_12,013,SY91,Calib & Acc,2,21.0,11.8125,-30.0,16.875,3,1,51.25064786175878,7.19101718367572,target_mismatch
ALL,2025_04_12,013,SY91,Calib & Acc,3,-10.2,5.7375,-30.0,16.875,3,1,22.7174801914737,6.969987914812592,target_mismatch
ALL,2025_04_12,013,SY91,Calib & Acc,4,9.600000000000001,5.7375,-30.0,16.875,3,1,41.13640609302179,7.180731160076331,target_mismatch
ALL,2025_04_12,013,SY91,Calib & Acc,5,0.0,-0.0,-30.0,16.875,3,1,34.42042453253591,8.533633012067215,target_mismatch
ALL,2025_04_12,013,SY91,Calib & Acc,6,-10.2,-5.400000000000001,-30.0,16.875,3,1,29.80294658251093,6.572691231975758,target_mismatch
ALL,2025_04_12,013,SY91,Calib & Acc,7,9.600000000000001,-5.400000000000001,-30.0,16.875,3,1,45.4349603829474,6.545292293585061,target_mismatch
ALL,2025_04_12,013,SY91,Calib & Acc,8,-21.0,-11.8125,-30.0,16.875,3,1,30.066138033508725,8.121455080871753,target_mismatch
ALL,2025_04_12,013,SY91,Calib & Acc,9,21.0,-11.8125,-30.0,16.875,3,1,58.51472170531105,9.182055370551595,target_mismatch
ALL,2025_04_12,014,QZ00,Acc 60min,1,-21.0,11.8125,-30.0,16.875,3,1,10.326127359760774,8.573671891326619,robust_centroid_outlier
ALL,2025_04_12,014,QZ00,Acc 60min,2,21.0,11.8125,-30.0,16.875,3,1,51.25064786175878,7.19101718367572,target_mismatch
ALL,2025_04_12,014,QZ00,Acc 60min,3,-10.2,5.7375,-30.0,16.875,2,1,22.7174801914737,6.969987914812592,target_mismatch
ALL,2025_04_12,014,QZ00,Acc 60min,4,9.600000000000001,5.7375,-30.0,16.875,3,1,41.13640609302179,7.180731160076331,target_mismatch
ALL,2025_04_12,014,QZ00,Acc 60min,5,0.0,-0.0,-30.0,16.875,3,1,34.42042453253591,8.533633012067215,target_mismatch
ALL,2025_04_12,014,QZ00,Acc 60min,6,-10.2,-5.400000000000001,-30.0,16.875,3,1,29.80294658251093,6.572691231975758,target_mismatch
ALL,2025_04_12,014,QZ00,Acc 60min,7,9.600000000000001,-5.400000000000001,-30.0,16.875,3,1,45.4349603829474,6.545292293585061,target_mismatch
ALL,2025_04_12,014,QZ00,Acc 60min,8,-21.0,-11.8125,-30.0,16.875,3,1,30.066138033508725,8.121455080871753,target_mismatch
ALL,2025_04_12,014,QZ00,Acc 60min,9,21.0,-11.8125,-30.0,16.875,3,1,58.51472170531105,9.182055370551595,target_mismatch
ALL,2025_04_12,015,YR00,Calib & Acc,1,-21.0,11.8125,-16.280406281455672,12.616741027874562,3,1,4.7876266039698425,8.573671891326619,included
ALL,2025_04_12,015,YR00,Calib & Acc,2,21.0,11.8125,17.69528391774892,8.947146513798701,3,2,4.373945471216446,7.19101718367572,included
ALL,2025_04_12,015,YR00,Calib & Acc,3,-10.2,5.7375,-8.720286317869773,7.381943140862283,3,3,2.2121812368367118,6.969987914812592,included
ALL,2025_04_12,015,YR00,Calib & Acc,4,9.600000000000001,5.7375,8.410912033799534,5.715285322880245,3,4,1.1892954566642808,7.180731160076331,included
ALL,2025_04_12,015,YR00,Calib & Acc,5,0.0,-0.0,-2.345826609848485,3.338461896306818,3,5,4.08022429733535,8.533633012067215,included
ALL,2025_04_12,015,YR00,Calib & Acc,6,-10.2,-5.400000000000001,-8.128094372294372,-9.164901785714285,3,6,4.297357139707247,6.572691231975758,included
ALL,2025_04_12,015,YR00,Calib & Acc,7,9.600000000000001,-5.400000000000001,10.064121428571429,-5.039592187499999,2,7,0.5876244479003739,6.545292293585061,included
ALL,2025_04_12,015,YR00,Calib & Acc,8,-21.0,-11.8125,-23.137129555555553,-9.5254495,2,8,3.1301633706213043,8.121455080871753,included
ALL,2025_04_12,015,YR00,Calib & Acc,9,21.0,-11.8125,22.327145443067568,-9.091611117313539,3,9,3.0273009990719113,9.182055370551595,included
ALL,2025_04_12,016,NM84,Acc 60min,3,-10.2,5.7375,-11.18687248913877,14.886263166049067,3,3,9.201835946063978,6.969987914812592,robust_centroid_outlier
ALL,2025_04_12,016,NM84,Acc 60min,4,9.600000000000001,5.7375,8.408375114942528,15.03440072737069,3,4,9.372957537579797,7.180731160076331,robust_centroid_outlier
ALL,2025_04_12,016,NM84,Acc 60min,5,0.0,-0.0,-1.7289007928913194,9.05018188674812,3,3,9.213842311157924,8.533633012067215,target_mismatch
ALL,2025_04_12,016,NM84,Acc 60min,6,-10.2,-5.400000000000001,-9.89107069810035,3.3289751700062293,3,3,8.734440155622883,6.572691231975758,target_mismatch
ALL,2025_04_12,016,NM84,Acc 60min,7,9.600000000000001,-5.400000000000001,7.173340645084646,2.184326278957529,3,4,7.963082363663205,6.545292293585061,target_mismatch
ALL,2025_04_12,016,NM84,Acc 60min,8,-21.0,-11.8125,-21.606880664251207,-4.9293359375,3,8,6.9098662542724725,8.121455080871753,included
ALL,2025_04_12,016,NM84,Acc 60min,9,21.0,-11.8125,17.209666699723368,-5.582324549819927,3,9,7.2925792876877535,9.182055370551595,included
ALL,2025_04_12,017,SS73,Calib & Acc,1,-21.0,11.8125,-21.241598220492907,12.060798381637085,3,1,0.34644160614587677,8.573671891326619,included
ALL,2025_04_12,017,SS73,Calib & Acc,2,21.0,11.8125,22.489941314731016,14.262868335690044,3,2,2.867791851214935,7.19101718367572,included
ALL,2025_04_12,017,SS73,Calib & Acc,3,-10.2,5.7375,-11.797657231659912,7.950174065010316,3,3,2.729182139001443,6.969987914812592,included
ALL,2025_04_12,017,SS73,Calib & Acc,4,9.600000000000001,5.7375,10.785467457729467,8.782915757472827,3,4,3.268010132970728,7.180731160076331,included
ALL,2025_04_12,017,SS73,Calib & Acc,5,0.0,-0.0,-0.31005501829609533,-1.2089758809569935,3,5,1.2481012759813725,8.533633012067215,included
ALL,2025_04_12,017,SS73,Calib & Acc,6,-10.2,-5.400000000000001,-9.097487842879088,-6.627024576201449,3,6,1.649582482691225,6.572691231975758,included
ALL,2025_04_12,017,SS73,Calib & Acc,7,9.600000000000001,-5.400000000000001,8.827018335900288,-6.019926536028279,3,7,0.990863039529875,6.545292293585061,included
ALL,2025_04_12,017,SS73,Calib & Acc,8,-21.0,-11.8125,-20.55660209200737,-11.217630680073034,3,8,0.7419374721650143,8.121455080871753,included
ALL,2025_04_12,017,SS73,Calib & Acc,9,21.0,-11.8125,21.01668532590759,-11.962417139949194,3,9,0.15084279548983676,9.182055370551595,included
ALL,2025_04_12,018,YR00,Acc 10min,1,-21.0,11.8125,-21.01688457323083,10.10782660644589,3,1,1.7047570112788721,8.573671891326619,included
ALL,2025_04_12,018,YR00,Acc 10min,2,21.0,11.8125,19.895666739648714,8.19868458961283,3,2,3.778784694881397,7.19101718367572,included
ALL,2025_04_12,018,YR00,Acc 10min,3,-10.2,5.7375,-11.68913446549081,5.947143888296654,3,3,1.5038191434520112,6.969987914812592,included
ALL,2025_04_12,018,YR00,Acc 10min,4,9.600000000000001,5.7375,11.699110564098499,6.3770072060776,3,4,2.1943642876548757,7.180731160076331,included
ALL,2025_04_12,018,YR00,Acc 10min,5,0.0,-0.0,-0.15795214211076283,-2.294734184570686,3,5,2.3001638761259313,8.533633012067215,included
ALL,2025_04_12,018,YR00,Acc 10min,6,-10.2,-5.400000000000001,-10.631278112359551,-6.550620665730338,3,6,1.2287915716695574,6.572691231975758,included
ALL,2025_04_12,018,YR00,Acc 10min,7,9.600000000000001,-5.400000000000001,8.586436426767678,-7.57547002840909,3,7,2.399996033640414,6.545292293585061,included
ALL,2025_04_12,018,YR00,Acc 10min,8,-21.0,-11.8125,-25.392710732714136,-9.687865025154798,3,8,4.879547249247355,8.121455080871753,included
ALL,2025_04_12,018,YR00,Acc 10min,9,21.0,-11.8125,24.586970700647765,-10.905377879579484,3,9,3.699895856461602,9.182055370551595,included
ALL,2025_04_12,019,SS73,Acc 10min,1,-21.0,11.8125,-21.69128601909208,12.40883282975357,3,1,0.9129562990823129,8.573671891326619,included
ALL,2025_04_12,019,SS73,Acc 10min,2,21.0,11.8125,22.28813230892709,14.698498457241612,3,2,3.1604227471183033,7.19101718367572,included
ALL,2025_04_12,019,SS73,Acc 10min,3,-10.2,5.7375,-12.064142081796575,8.188703908286206,3,3,3.0795172188384403,6.969987914812592,included
ALL,2025_04_12,019,SS73,Acc 10min,4,9.600000000000001,5.7375,10.734685209181784,9.45221059376157,3,4,3.884145378244788,7.180731160076331,included
ALL,2025_04_12,019,SS73,Acc 10min,5,0.0,-0.0,-0.15394105845690945,-1.7417524546663443,3,5,1.7485420963806018,8.533633012067215,included
ALL,2025_04_12,019,SS73,Acc 10min,6,-10.2,-5.400000000000001,-9.470285362204182,-5.508819090318863,3,6,0.7377838755565926,6.572691231975758,included
ALL,2025_04_12,019,SS73,Acc 10min,7,9.600000000000001,-5.400000000000001,9.718826323404857,-5.067280829157256,3,7,0.35330120546100485,6.545292293585061,included
ALL,2025_04_12,019,SS73,Acc 10min,8,-21.0,-11.8125,-20.62105768618413,-11.879919385458765,3,8,0.38489303804532826,8.121455080871753,included
ALL,2025_04_12,019,SS73,Acc 10min,9,21.0,-11.8125,20.64597178191675,-10.808672628105475,3,9,1.064427250573693,9.182055370551595,included
ALL,2025_04_12,020,RB76,Calib & Acc,1,-21.0,11.8125,-21.12734548440066,12.094131202633575,3,1,0.30908414177060656,8.573671891326619,included
ALL,2025_04_12,020,RB76,Calib & Acc,2,21.0,11.8125,20.908779959247273,13.939490911542611,3,2,2.128946085183887,7.19101718367572,included
ALL,2025_04_12,020,RB76,Calib & Acc,3,-10.2,5.7375,-10.409954985638345,8.546108949328868,3,3,2.8164455127420105,6.969987914812592,included
ALL,2025_04_12,020,RB76,Calib & Acc,4,9.600000000000001,5.7375,9.511668638861138,9.75021993881119,3,4,4.013692033115337,7.180731160076331,included
ALL,2025_04_12,020,RB76,Calib & Acc,5,0.0,-0.0,-0.03191765530205918,0.7984270449884644,3,5,0.7990647551287645,8.533633012067215,included
ALL,2025_04_12,020,RB76,Calib & Acc,6,-10.2,-5.400000000000001,-9.775455266348857,-4.309448799917491,3,6,1.1702735367734856,6.572691231975758,included
ALL,2025_04_12,020,RB76,Calib & Acc,7,9.600000000000001,-5.400000000000001,9.126888646754281,-3.599271417562724,3,7,1.8618425766365327,6.545292293585061,included
ALL,2025_04_12,020,RB76,Calib & Acc,8,-21.0,-11.8125,-20.719528492285363,-9.238925873222541,3,8,2.5888120929604144,8.121455080871753,included
ALL,2025_04_12,020,RB76,Calib & Acc,9,21.0,-11.8125,19.826959374136504,-10.069699414979967,3,9,2.1008041767552714,9.182055370551595,included
ALL,2025_04_12,021,SY91,Acc 10min,1,-21.0,11.8125,-20.62962281591882,15.009027914816869,3,1,3.2179139156744676,8.573671891326619,included
ALL,2025_04_12,021,SY91,Acc 10min,2,21.0,11.8125,15.250381818181818,15.676016639610388,2,2,6.92711123494062,7.19101718367572,included
ALL,2025_04_12,021,SY91,Acc 10min,3,-10.2,5.7375,-12.148640179573512,12.532138636363635,3,3,7.06854389165221,6.969987914812592,robust_centroid_outlier
ALL,2025_04_12,021,SY91,Acc 10min,4,9.600000000000001,5.7375,7.492823668668668,11.360947466216217,3,4,6.005277137369813,7.180731160076331,included
ALL,2025_04_12,021,SY91,Acc 10min,5,0.0,-0.0,-1.6417217460317461,7.190535032467532,3,5,7.375570780931899,8.533633012067215,included
ALL,2025_04_12,021,SY91,Acc 10min,6,-10.2,-5.400000000000001,-11.253539941344323,1.2162254206959418,3,3,6.699580973872247,6.572691231975758,target_mismatch
ALL,2025_04_12,021,SY91,Acc 10min,7,9.600000000000001,-5.400000000000001,7.626002621948499,2.2952181642455485,3,4,7.944372111368453,6.545292293585061,target_mismatch
ALL,2025_04_12,021,SY91,Acc 10min,8,-21.0,-11.8125,-21.68925410958904,-4.776375653798257,3,8,7.069803182748321,8.121455080871753,included
ALL,2025_04_12,021,SY91,Acc 10min,9,21.0,-11.8125,16.916748864754478,-3.672241454417293,3,7,9.106961569174219,9.182055370551595,target_mismatch
ALL,2025_04_12,022,SY91,Acc 60min,1,-21.0,11.8125,-18.97074,16.2960075,2,1,4.921355062394531,8.573671891326619,included
ALL,2025_04_12,022,SY91,Acc 60min,2,21.0,11.8125,17.933699999999998,16.51087125,2,2,5.610426730011415,7.19101718367572,included
ALL,2025_04_12,022,SY91,Acc 60min,3,-10.2,5.7375,-12.404945832634581,13.177787963273518,3,3,7.760133446100358,6.969987914812592,robust_centroid_outlier
ALL,2025_04_12,022,SY91,Acc 60min,4,9.600000000000001,5.7375,7.656663265306122,13.768925057977738,3,4,8.263192247934414,7.180731160076331,robust_centroid_outlier
ALL,2025_04_12,022,SY91,Acc 60min,5,0.0,-0.0,-1.3432263345918078,9.36732372008586,3,5,9.463139577477664,8.533633012067215,robust_centroid_outlier
ALL,2025_04_12,022,SY91,Acc 60min,6,-10.2,-5.400000000000001,-10.853166999616418,3.3039382770014796,3,3,8.728411577099203,6.572691231975758,target_mismatch
ALL,2025_04_12,022,SY91,Acc 60min,7,9.600000000000001,-5.400000000000001,8.040325153883828,4.542997943873053,3,4,10.064581150622777,6.545292293585061,target_mismatch
ALL,2025_04_12,022,SY91,Acc 60min,8,-21.0,-11.8125,-20.867316783216783,-3.755435892107892,3,8,8.058156543198898,8.121455080871753,included
ALL,2025_04_12,022,SY91,Acc 60min,9,21.0,-11.8125,19.04094169885103,-1.450693900653869,3,7,10.545375055812258,9.182055370551595,target_mismatch
ALL,2025_04_12,023,YR00,Acc 60min,1,-21.0,11.8125,-19.2355035505618,6.646327492339122,3,1,5.459192806541193,8.573671891326619,included
ALL,2025_04_12,023,YR00,Acc 60min,2,21.0,11.8125,18.237919421906692,7.35534401622718,2,2,5.243598819852841,7.19101718367572,included
ALL,2025_04_12,023,YR00,Acc 60min,3,-10.2,5.7375,-12.760731791541263,4.099184966073623,3,3,3.039970963446742,6.969987914812592,included
ALL,2025_04_12,023,YR00,Acc 60min,4,9.600000000000001,5.7375,9.04848409477613,4.046418533251734,3,4,1.7787429046645193,7.180731160076331,included
ALL,2025_04_12,023,YR00,Acc 60min,5,0.0,-0.0,-2.3171527631578948,-3.5766086101973684,3,5,4.261610737543754,8.533633012067215,included
ALL,2025_04_12,023,YR00,Acc 60min,6,-10.2,-5.400000000000001,-10.383617674731184,-8.236244367439516,3,6,2.842181831323616,6.572691231975758,included
ALL,2025_04_12,023,YR00,Acc 60min,7,9.600000000000001,-5.400000000000001,2.719592857142857,-6.095600089285714,3,5,6.915479877470103,6.545292293585061,target_mismatch
ALL,2025_04_12,023,YR00,Acc 60min,8,-21.0,-11.8125,-27.50530936391401,-10.032611850685258,3,8,6.744408924753773,8.121455080871753,included
ALL,2025_04_12,023,YR00,Acc 60min,9,21.0,-11.8125,22.41918804033759,-11.096250211352656,3,9,1.5896881623685248,9.182055370551595,included
ALL,2025_04_12,024,RB76,Acc 10min,1,-21.0,11.8125,-20.408198379692966,10.857492800957592,3,1,1.1235069683899856,8.573671891326619,included
ALL,2025_04_12,024,RB76,Acc 10min,2,21.0,11.8125,20.67871055167055,15.111242338286715,3,2,3.3143518105374907,7.19101718367572,included
ALL,2025_04_12,024,RB76,Acc 10min,3,-10.2,5.7375,-10.08216856609574,8.188082497529644,3,3,2.4534137082878136,6.969987914812592,included
ALL,2025_04_12,024,RB76,Acc 10min,4,9.600000000000001,5.7375,8.365218192918194,7.894874862637362,3,4,2.48574986855874,7.180731160076331,included
ALL,2025_04_12,024,RB76,Acc 10min,5,0.0,-0.0,-0.0038928672842865886,3.0001117580301986,3,5,3.0001142836709973,8.533633012067215,included
ALL,2025_04_12,024,RB76,Acc 10min,6,-10.2,-5.400000000000001,-9.550173096335309,-3.535149798387097,3,6,1.9748268985362056,6.572691231975758,included
ALL,2025_04_12,024,RB76,Acc 10min,7,9.600000000000001,-5.400000000000001,9.640511847948142,-1.5714573039218813,3,7,3.8287570287911055,6.545292293585061,included
ALL,2025_04_12,024,RB76,Acc 10min,8,-21.0,-11.8125,-20.11937563798746,-11.173674178132707,3,8,1.0879327633886275,8.121455080871753,included
ALL,2025_04_12,024,RB76,Acc 10min,9,21.0,-11.8125,19.889867166100736,-9.574252047564729,3,9,2.4984292676563604,9.182055370551595,included
ALL,2025_04_12,025,AW75,Calib & Acc,1,-21.0,11.8125,-19.524739211376858,11.3274069376212,3,1,1.5529680207966352,8.573671891326619,included
ALL,2025_04_12,025,AW75,Calib & Acc,2,21.0,11.8125,20.42191790507906,12.133082260552774,3,2,0.6610233689131649,7.19101718367572,included
ALL,2025_04_12,025,AW75,Calib & Acc,3,-10.2,5.7375,-10.881089577876724,4.759542835131286,3,3,1.191756363276634,6.969987914812592,included
ALL,2025_04_12,025,AW75,Calib & Acc,4,9.600000000000001,5.7375,11.24588661498708,7.100746984763433,3,4,2.137144143678712,7.180731160076331,included
ALL,2025_04_12,025,AW75,Calib & Acc,5,0.0,-0.0,-2.4356502673166127,-7.327555911308868,3,5,7.721752900607285,8.533633012067215,included
ALL,2025_04_12,025,AW75,Calib & Acc,6,-10.2,-5.400000000000001,-12.706153846153846,-14.091637500000001,1,8,9.045737644437736,6.572691231975758,target_mismatch
ALL,2025_04_12,025,AW75,Calib & Acc,7,9.600000000000001,-5.400000000000001,7.765102526484964,-9.06068083070081,3,7,4.094805597653231,6.545292293585061,included
ALL,2025_04_12,025,AW75,Calib & Acc,9,21.0,-11.8125,21.25010717126847,-8.728648790392823,3,9,3.0939767096918436,9.182055370551595,included
ALL,2025_04_12,026,JH71,Calib & Acc,1,-21.0,11.8125,-20.81976307168784,9.564155123071687,3,1,2.255557588698899,8.573671891326619,included
ALL,2025_04_12,026,JH71,Calib & Acc,2,21.0,11.8125,21.22098948514555,13.559728151799746,3,2,1.7611480820721612,7.19101718367572,included
ALL,2025_04_12,026,JH71,Calib & Acc,3,-10.2,5.7375,-11.423388483893559,8.30103324579832,3,3,2.840489761438449,6.969987914812592,included
ALL,2025_04_12,026,JH71,Calib & Acc,4,9.600000000000001,5.7375,10.501582424242423,8.635934931220097,3,4,3.035420221027015,7.180731160076331,included
ALL,2025_04_12,026,JH71,Calib & Acc,5,0.0,-0.0,-0.7523157082452431,2.657529116203564,3,5,2.761963057019814,8.533633012067215,included
ALL,2025_04_12,026,JH71,Calib & Acc,6,-10.2,-5.400000000000001,-11.585802118811882,-4.052164619740099,3,6,1.933160035999053,6.572691231975758,included
ALL,2025_04_12,026,JH71,Calib & Acc,7,9.600000000000001,-5.400000000000001,9.782329300627133,-3.261612686056204,3,7,2.1461463785825394,6.545292293585061,included
ALL,2025_04_12,026,JH71,Calib & Acc,8,-21.0,-11.8125,-23.106474847240936,-11.121955224332,3,8,2.216774316267015,8.121455080871753,included
ALL,2025_04_12,026,JH71,Calib & Acc,9,21.0,-11.8125,20.373864908637618,-10.426615061814323,3,9,1.5207636945052634,9.182055370551595,included
ALL,2025_04_12,027,SS73,Acc 60min,1,-21.0,11.8125,-24.11761274337805,9.834425366679566,3,1,3.6921929083755876,8.573671891326619,included
ALL,2025_04_12,027,SS73,Acc 60min,2,21.0,11.8125,24.050274686548022,10.980404126984126,3,2,3.1617335759493845,7.19101718367572,included
ALL,2025_04_12,027,SS73,Acc 60min,3,-10.2,5.7375,-11.67084264969354,2.0268050150282884,3,3,3.991570539480885,6.969987914812592,included
ALL,2025_04_12,027,SS73,Acc 60min,4,9.600000000000001,5.7375,10.969865770348838,2.7765988226266067,3,4,3.2624328362350323,7.180731160076331,included
ALL,2025_04_12,027,SS73,Acc 60min,5,0.0,-0.0,0.14622003710575146,-3.6189492578849722,3,5,3.6219019907221948,8.533633012067215,included
ALL,2025_04_12,027,SS73,Acc 60min,6,-10.2,-5.400000000000001,-11.045883847320525,-10.588735932562878,3,6,5.257233118383369,6.572691231975758,included
ALL,2025_04_12,027,SS73,Acc 60min,7,9.600000000000001,-5.400000000000001,9.781964365079364,-10.419376138392858,3,7,5.022673376681618,6.545292293585061,included
ALL,2025_04_12,027,SS73,Acc 60min,8,-21.0,-11.8125,-13.02158035714286,-10.949530580357143,2,6,8.024954592816547,8.121455080871753,target_mismatch
ALL,2025_04_12,027,SS73,Acc 60min,9,21.0,-11.8125,22.437752727272727,-16.49723318181818,2,9,4.900393646392957,9.182055370551595,included
ALL,2025_04_12,028,JH71,Acc 10min,1,-21.0,11.8125,-23.615735380521187,12.46068826467132,3,1,2.6948505723635097,8.573671891326619,included
ALL,2025_04_12,028,JH71,Acc 10min,2,21.0,11.8125,22.307521281177163,13.929209280707552,3,2,2.487985144602887,7.19101718367572,included
ALL,2025_04_12,028,JH71,Acc 10min,3,-10.2,5.7375,-11.212268850889194,7.624699430232558,3,3,2.141543816023997,6.969987914812592,included
ALL,2025_04_12,028,JH71,Acc 10min,4,9.600000000000001,5.7375,10.485965520811023,8.124353232089312,3,4,2.5459778584271198,7.180731160076331,included
ALL,2025_04_12,028,JH71,Acc 10min,5,0.0,-0.0,-0.3903474719101124,1.841088012843021,3,5,1.8820138734506926,8.533633012067215,included
ALL,2025_04_12,028,JH71,Acc 10min,6,-10.2,-5.400000000000001,-11.216247265127299,-4.443280191731676,3,6,1.3957332465094094,6.572691231975758,included
ALL,2025_04_12,028,JH71,Acc 10min,7,9.600000000000001,-5.400000000000001,10.588289178560062,-3.7893953639169253,3,7,1.8896462087468167,6.545292293585061,included
ALL,2025_04_12,028,JH71,Acc 10min,8,-21.0,-11.8125,-22.92601424452147,-11.810438654603187,3,8,1.9260153476139403,8.121455080871753,included
ALL,2025_04_12,028,JH71,Acc 10min,9,21.0,-11.8125,21.344320444444445,-11.615348886363636,3,9,0.39676835820221223,9.182055370551595,included
ALL,2025_04_12,030,AW75,Acc 10min,1,-21.0,11.8125,-22.52888515708872,10.056375229048355,3,1,2.328403752512903,8.573671891326619,included
ALL,2025_04_12,030,AW75,Acc 10min,2,21.0,11.8125,23.38951943713323,11.713580858138831,3,2,2.3915660427979115,7.19101718367572,included
ALL,2025_04_12,030,AW75,Acc 10min,3,-10.2,5.7375,-11.907398911291196,7.296447340714891,3,3,2.312039760341589,6.969987914812592,included
ALL,2025_04_12,030,AW75,Acc 10min,4,9.600000000000001,5.7375,12.118693084951913,6.073541793291651,3,4,2.541011401592532,7.180731160076331,included
ALL,2025_04_12,030,AW75,Acc 10min,5,0.0,-0.0,0.09394044943820228,-1.570590178453404,3,5,1.57339706263071,8.533633012067215,included
ALL,2025_04_12,030,AW75,Acc 10min,6,-10.2,-5.400000000000001,-9.395821116054876,-8.099547355134176,3,6,2.8167817806843223,6.572691231975758,included
ALL,2025_04_12,030,AW75,Acc 10min,7,9.600000000000001,-5.400000000000001,10.205129205155748,-7.663792878625134,3,7,2.3432753897581677,6.545292293585061,included
ALL,2025_04_12,030,AW75,Acc 10min,8,-21.0,-11.8125,-18.803953284368074,-8.593908404933481,3,8,3.896402575847445,8.121455080871753,included
ALL,2025_04_12,030,AW75,Acc 10min,9,21.0,-11.8125,19.535209910485936,-11.233619647538363,3,9,1.5750277676297422,9.182055370551595,included
ALL,2025_04_12,031,AW75,Acc 60min,1,-21.0,11.8125,-20.47784036714976,11.914313891304348,3,1,0.5319931866488808,8.573671891326619,included
ALL,2025_04_12,031,AW75,Acc 60min,2,21.0,11.8125,22.581873940296305,10.594971363463179,3,2,1.9961716218240775,7.19101718367572,included
ALL,2025_04_12,031,AW75,Acc 60min,3,-10.2,5.7375,-13.180963660036168,6.639052889918626,3,3,3.114312437084125,6.969987914812592,included
ALL,2025_04_12,031,AW75,Acc 60min,4,9.600000000000001,5.7375,11.988524579428022,7.035238896899784,3,4,2.718303866579024,7.180731160076331,included
ALL,2025_04_12,031,AW75,Acc 60min,5,0.0,-0.0,-0.43828635561968876,-2.151895168199856,3,5,2.1960755324997985,8.533633012067215,included
ALL,2025_04_12,031,AW75,Acc 60min,6,-10.2,-5.400000000000001,-8.97212602983362,-6.919628706970741,3,6,1.9537005639712832,6.572691231975758,included
ALL,2025_04_12,031,AW75,Acc 60min,7,9.600000000000001,-5.400000000000001,10.18137278949836,-7.974358575949367,3,7,2.6391885870344978,6.545292293585061,included
ALL,2025_04_12,031,AW75,Acc 60min,8,-21.0,-11.8125,-24.616422043010754,-13.030146282762097,3,8,3.815910227337434,8.121455080871753,included
ALL,2025_04_12,031,AW75,Acc 60min,9,21.0,-11.8125,22.84120035983004,-12.48296764116997,3,9,1.959475854123825,9.182055370551595,included
ALL,2025_04_12,032,JH71,Acc 60min,1,-21.0,11.8125,-23.502813959797436,12.68086975474111,3,1,2.64917793821141,8.573671891326619,included
ALL,2025_04_12,032,JH71,Acc 60min,2,21.0,11.8125,23.17239481924409,12.647299356600682,3,2,2.327270765609252,7.19101718367572,included
ALL,2025_04_12,032,JH71,Acc 60min,3,-10.2,5.7375,-10.945411012737722,6.430158657701429,3,3,1.0175527475268409,6.969987914812592,included
ALL,2025_04_12,032,JH71,Acc 60min,4,9.600000000000001,5.7375,13.27359988331561,6.230615071838444,3,4,3.706548067511156,7.180731160076331,included
ALL,2025_04_12,032,JH71,Acc 60min,5,0.0,-0.0,0.1840937443749375,1.0845688026394738,3,5,1.1000818125834126,8.533633012067215,included
ALL,2025_04_12,032,JH71,Acc 60min,6,-10.2,-5.400000000000001,-10.831610774627721,-5.677074620357896,3,6,0.689711907880604,6.572691231975758,included
ALL,2025_04_12,032,JH71,Acc 60min,7,9.600000000000001,-5.400000000000001,11.113289771431829,-4.589092263380643,3,7,1.7168626298074412,6.545292293585061,included
ALL,2025_04_12,032,JH71,Acc 60min,8,-21.0,-11.8125,-22.182858626487647,-11.5325299427599,3,8,1.2155401117228783,8.121455080871753,included
ALL,2025_04_12,032,JH71,Acc 60min,9,21.0,-11.8125,22.612317873254565,-12.777531936090227,3,9,1.8790570938878295,9.182055370551595,included
