frame_id,time_s
0,0.6251654624938965
1,0.8108317852020264
2,1.0195353031158447
3,1.2117273807525635
4,1.4225924015045166
5,1.6138219833374023
6,1.8224084377288818
7,2.0123291015625
8,2.2196662425994873
9,2.4110536575317383
10,2.6194324493408203
11,2.8104920387268066
12,3.0228826999664307
13,3.2101635932922363
14,3.418963670730591
15,3.6113507747650146
16,3.818971633911133
17,4.011746883392334
18,4.219620943069458
19,4.410818099975586
20,4.61846137046814
21,4.811408281326294
22,5.018263101577759
23,5.211291790008545
24,5.420664072036743
25,5.613054990768433
26,5.819317579269409
27,6.01442551612854
28,6.219173192977905
29,6.411051988601685
30,6.62198281288147
31,6.81437873840332
32,7.021877765655518
33,7.211958408355713
34,7.419169187545776
35,7.611114501953125
36,7.818979978561401
37,8.010264873504639
38,8.220968961715698
39,8.410900831222534
40,8.620881795883179
41,8.811718940734863
42,9.020680904388428
43,9.211751222610474
44,9.419349193572998
45,9.611482381820679
46,9.8189218044281
47,10.011273384094238
48,10.222064733505249
49,10.410406827926636
50,10.618741750717163
51,10.809795379638672
52,11.018681526184082
53,11.211467981338501
54,11.418752193450928
55,11.610738754272461
56,11.819480895996094
57,12.01496958732605
58,12.2186861038208
59,12.410744190216064
60,12.618761777877808
61,12.81293797492981
62,13.019884586334229
63,13.210398197174072
64,13.420679330825806
65,13.612725257873535
66,13.818123579025269
67,14.010864973068237
68,14.220165491104126
69,14.411476135253906
70,14.61944317817688
71,14.810986042022705
72,15.02212405204773
73,15.21004033088684
74,15.419580936431885
75,15.610581874847412
76,15.822177171707153
77,16.012885570526123
78,16.219743728637695
79,16.41140651702881
80,16.620418548583984
81,16.809937715530396
82,17.018210887908936
83,17.21111559867859
84,17.419484615325928
85,17.611411094665527
86,17.82023310661316
87,18.010536193847656
88,18.21915912628174
89,18.410727500915527
90,18.618762254714966
91,18.814290046691895
92,19.0194308757782
93,19.21413564682007
94,19.42281198501587
95,19.613778591156006
96,19.81893229484558
97,20.010648012161255
98,20.21988344192505
99,20.410218954086304
100,20.61983346939087
101,20.81009602546692
102,21.019604206085205
103,21.212818145751953
104,21.418790102005005
105,21.610414028167725
106,21.820934295654297
107,22.012445211410522
108,22.22030258178711
109,22.41062045097351
110,22.618850708007812
111,22.810535192489624
112,23.017942667007446
113,23.211560487747192
114,23.420067310333252
115,23.610540866851807
116,23.820626735687256
117,24.011740922927856
118,24.21896505355835
119,24.411791801452637
120,24.61948537826538
121,24.810587406158447
122,25.020026683807373
123,25.21160864830017
124,25.419559001922607
125,25.611039400100708
126,25.81905508041382
127,26.01028299331665
128,26.222338676452637
129,26.41312837600708
130,26.619176626205444
131,26.81089949607849
132,27.02193331718445
133,27.210248708724976
134,27.41995072364807
135,27.610875129699707
136,27.819221258163452
137,28.010690450668335
138,28.22096562385559
139,28.410385847091675
140,28.620251178741455
141,28.810226678848267
142,29.01826524734497
143,29.210336446762085
144,29.418899059295654
145,29.610455989837646
146,29.819787979125977
147,30.0145161151886
148,30.220500469207764
149,30.41091299057007
150,30.620525360107422
151,30.81051206588745
152,31.022196769714355
153,31.21390390396118
154,31.418537378311157
155,31.610419988632202
156,31.8197979927063
157,32.01282477378845
158,32.22011065483093
159,32.41041684150696
160,32.619187116622925
161,32.81202960014343
162,33.00287675857544
163,33.213383197784424
164,33.40405297279358
165,33.611454486846924
166,33.80279469490051
167,34.013794898986816
168,34.20442605018616
169,34.40991520881653
170,34.602349281311035
171,34.81068444252014
172,35.003230810165405
173,35.21032953262329
174,35.40277576446533
175,35.61234927177429
176,35.80605125427246
177,36.01018190383911
178,36.20193123817444
179,36.41185283660889
180,36.603891372680664
181,36.81153225898743
182,37.00465178489685
183,37.21213960647583
184,37.40233612060547
185,37.60953450202942
186,37.8028769493103
187,38.01061964035034
188,38.20335507392883
189,38.41202187538147
190,38.60571885108948
191,38.81035280227661
192,39.002978801727295
193,39.21214461326599
194,39.40383768081665
195,39.61441230773926
196,39.80306077003479
197,40.01195573806763
198,40.20433950424194
199,40.40952682495117
200,40.60265874862671
201,40.81177878379822
202,41.003730058670044
203,41.21062397956848
204,41.40382361412048
205,41.61195373535156
206,41.80242681503296
207,42.0111141204834
208,42.20376777648926
209,42.41185259819031
210,42.60417938232422
211,42.81172561645508
212,43.003485918045044
213,43.210593700408936
214,43.4031720161438
215,43.61263179779053
216,43.806408405303955
217,44.01137566566467
218,44.203699588775635
219,44.411654472351074
220,44.60451340675354
221,44.81143522262573
222,45.002641439437866
223,45.21107578277588
224,45.403481245040894
225,45.61128258705139
226,45.80297136306763
227,46.01072096824646
228,46.20235848426819
229,46.412171840667725
230,46.602856159210205
231,46.81007647514343
232,47.002734661102295
233,47.210676431655884
234,47.40326642990112
235,47.61076259613037
236,47.803043365478516
237,48.010119915008545
238,48.205358266830444
239,48.410903215408325
240,48.60332202911377
241,48.81145119667053
242,49.003573179244995
243,49.21051526069641
244,49.404112815856934
245,49.610187292099
246,49.803181886672974
247,50.01042079925537
248,50.20321869850159
249,50.41175150871277
250,50.60291790962219
251,50.81128263473511
252,51.00280475616455
253,51.210936546325684
254,51.40560817718506
255,51.6107132434845
256,51.80370378494263
257,52.01112699508667
258,52.20224618911743
259,52.410205602645874
260,52.60299253463745
261,52.8105731010437
262,53.005006551742554
263,53.210280656814575
264,53.40378665924072
265,53.61590933799744
266,53.80303239822388
267,54.01098847389221
268,54.20336937904358
269,54.41156244277954
270,54.60534119606018
271,54.8113796710968
272,55.00281858444214
273,55.21567177772522
274,55.40206456184387
275,55.610063791275024
276,55.803415060043335
277,56.01100158691406
278,56.20393085479736
279,56.411593198776245
280,56.606773376464844
281,56.81024217605591
282,57.003228187561035
283,57.210633516311646
284,57.40356993675232
285,57.611533641815186
286,57.80312204360962
287,58.012531995773315
288,58.20142459869385
289,58.41024684906006
290,58.602640867233276
291,58.81243824958801
292,59.00437378883362
293,59.21108627319336
294,59.40457105636597
295,59.61187934875488
296,59.80373764038086
297,60.01037669181824
298,60.20357370376587
299,60.41177773475647
300,60.60376787185669
301,60.810696601867676
302,61.00197720527649
303,61.21001887321472
304,61.40230751037598
305,61.6103355884552
306,61.80282998085022
307,62.01260185241699
308,62.20418334007263
309,62.41123175621033
310,62.60268211364746
311,62.8105993270874
312,63.00774693489075
313,63.21072173118591
314,63.40394639968872
315,63.612637758255005
316,63.80245327949524
317,64.01214385032654
318,64.20357871055603
319,64.41112875938416
320,64.60238599777222
321,64.81078553199768
322,65.00279879570007
323,65.21120882034302
324,65.40255570411682
325,65.61089706420898
326,65.80312275886536
327,66.01036310195923
328,66.20482921600342
329,66.4116051197052
330,66.60570406913757
331,66.81115007400513
332,67.00335884094238
333,67.21046328544617
334,67.40266108512878
335,67.61142349243164
336,67.80342245101929
337,68.01072120666504
338,68.2031569480896
339,68.4152147769928
340,68.60602974891663
341,68.81064248085022
342,69.00330233573914
343,69.211350440979
344,69.40392065048218
345,69.61065173149109
346,69.80336737632751
347,70.01074528694153
348,70.20294690132141
349,70.4108304977417
350,70.60257959365845
351,70.81004071235657
352,71.00325322151184
353,71.21139669418335
354,71.40661311149597
355,71.61132097244263
356,71.80231523513794
357,72.01155614852905
358,72.20476603507996
359,72.41101861000061
360,72.60397362709045
361,72.79664826393127
362,73.00273656845093
363,73.19356751441956
364,73.40379333496094
365,73.59441566467285
366,73.80512380599976
367,73.99656677246094
368,74.20294857025146
369,74.3949773311615
370,74.60269713401794
371,74.79481029510498
372,75.00330233573914
373,75.19648909568787
374,75.40741682052612
375,75.59845161437988
376,75.80367493629456
377,75.99423599243164
378,76.20390939712524
379,76.39519476890564
380,76.6027843952179
381,76.79514479637146
382,77.00445175170898
383,77.19437599182129
384,77.40346598625183
385,77.59464144706726
386,77.80384659767151
387,77.99671483039856
388,78.20381259918213
389,78.39638876914978
390,78.60447192192078
391,78.7946879863739
392,79.0031065940857
393,79.19396638870239
394,79.40249633789062
395,79.59531497955322
396,79.80397820472717
397,79.99687719345093
398,80.20307922363281
399,80.39484071731567
400,80.60384392738342
401,80.79784059524536
402,81.00281357765198
403,81.19504451751709
404,81.40603399276733
405,81.59525418281555
406,81.80278587341309
407,81.99479246139526
408,82.20391368865967
409,82.39485192298889
410,82.60405445098877
411,82.7958014011383
412,83.00626969337463
413,83.19477367401123
414,83.40315699577332
415,83.59441900253296
416,83.80269765853882
417,83.99502658843994
418,84.20365357398987
419,84.39532399177551
420,84.60507798194885
421,84.79417419433594
422,85.00313949584961
423,85.19520401954651
424,85.40414524078369
425,85.59423661231995
426,85.8045883178711
427,85.99456477165222
428,86.20263957977295
429,86.39451599121094
430,86.60354256629944
431,86.79666137695312
432,87.00264096260071
433,87.19520878791809
434,87.403395652771
435,87.59848880767822
436,87.80302691459656
437,87.9939033985138
438,88.20651745796204
439,88.3958466053009
440,88.60275459289551
441,88.79474139213562
442,89.00346827507019
443,89.19483971595764
444,89.40451121330261
445,89.59428668022156
446,89.80424475669861
447,89.99762654304504
448,90.2039566040039
449,90.39537525177002
450,90.6040210723877
451,90.79445338249207
452,91.00221920013428
453,91.19453859329224
454,91.40278220176697
455,91.59567523002625
456,91.80379366874695
457,91.99746894836426
458,92.20344591140747
