session_id,date,run_id,session_path,subject_id,device_id,test_id,trial_number,test_condition,visit_label,recording_start_time,recording_end_time,planned_duration_s,operator_id,device_model,device_serial,device_software_version,nominal_sampling_hz,calibration_method,validation_method,gaze_file,source_format,calibration_avg_error,calibration_valid_points,calibration_high_quality_samples,calibration_confidence_threshold,calibration_error_unit,calibration_status,calibration_source,display_width_px,display_height_px,display_width_mm,display_height_mm,viewing_distance_mm,display_model,display_refresh_hz,environment,ambient_illuminance_lux,head_support,target_presentation_s,target_settle_time_s_x,minimum_post_settle_valid_samples,notes,metadata_conflict_fields_x,metadata_read_error_x,has_gaze,has_video,has_recording_info,has_marker,has_calibration,has_log,target_recovery_attempted,target_recovery_status,target_recovery_validation_passed,source_video_file,source_video_bytes,marker_interval_count,detected_target_intervals,recovered_target_intervals,recovered_unique_targets,expected_target_intervals,median_normalised_match_offset,max_normalised_match_offset,target_count_signature,quality_status,quality_valid_rate,quality_data_loss_rate,quality_estimated_missing_samples,quality_longest_gap_s,duplicate_timestamps,negative_time_jumps,irregular_interval_pct,missing_coordinate_samples,out_of_bounds_samples,out_of_bounds_rate,quality_marker_events,quality_marker_coverage_rate,target_settle_time_s_y,marker_settle_excluded_samples_x,metadata_missing_fields,metadata_conflict_count,metadata_conflict_fields_y,metadata_read_error_y,duration_mismatch_fraction,quality_flags,gaze_samples,duration_s,effective_sampling_hz,median_interval_ms,p95_interval_ms,sampling_jitter_ms,sampling_interval_cv,estimated_missing_samples,longest_gap_s,valid_samples,invalid_samples,valid_rate,data_loss_rate,completeness_rate,gaze_dispersion_x,gaze_dispersion_y,coordinate_space,video_frames,video_duration_s,marker_events,marker_precision_rms,marker_stability_p95,marker_accuracy_rmse,marker_mean_absolute_error,marker_systematic_error_x,marker_systematic_error_y,marker_systematic_error_radial,marker_random_error_rms,marker_repeatability_95,marker_accuracy_rmse_deg,marker_omae_deg,marker_precision_rms_deg,marker_coverage_rate,marker_valid_samples,target_settle_time_s,marker_settle_excluded_samples_y
2025_04_11/000,2025_04_11,000,2025_04_11/000,CL98,GP3,Calib & Acc,1,,,1744348101.5029204,,,,,,,,,,GP3HD_data.csv,GP3HD,55.53,5.0,,,,,,1920.0,1080.0,,,,,,,,,,,,,,,True,True,True,True,True,True,True,recovered,True,ext_display_acc_video.avi,3491282,27,27,27,9,27,0.0023890372051467677,0.003777020458143973,top_left:3;bottom_left:3;centre:3;top_right:3;bottom_right:3;inner_top_left:3;inner_bottom_left:3;inner_top_right:3;inner_bottom_right:3,warn,0.4888250973959401,0.5118755118755118,7,0.03878474235534668,0,0,0.001435602953240361,0,1102,0.2259585810949354,27,0.9259259259259259,0.6,607.0,1,0,,,0.36061044002052733,low_valid_gaze_rate;high_data_loss;gaze_out_of_bounds;gaze_video_duration_mismatch;incomplete_metadata;unknown_calibration_error_unit,4877,78.8836944103241,61.812520780743775,16.50524139404297,18.725454807281494,1.8598472743434642,0.11268222196463698,7,0.03878474235534668,2384,2493,0.4888250973959401,0.5118755118755118,0.48812448812448817,0.5303607506915098,1.557862404418596,normalised,618,123.37344765663147,27,0.6349122512544987,0.8362579147346844,1.7956603783637761,1.2162131183488396,0.06671096750085434,-1.160753880594264,1.1626693100359806,1.4606768518638695,2.64268728452729,,,,0.9259259259259259,825.0,0.6,607.0
2025_04_11/001,2025_04_11,001,2025_04_11/001,CL98,GP3,Acc 10min,2,,,1744348430.1129403,,,,,,,,,,GP3HD_data.csv,GP3HD,,,,,,,,1920.0,1080.0,,,,,,,,,,,,,,,True,True,True,True,True,True,True,recovered,True,ext_display_acc_video.avi,2541104,27,27,27,9,27,0.0023890372051467677,0.003824811219699761,top_left:3;bottom_left:3;centre:3;top_right:3;bottom_right:3;inner_top_left:3;inner_bottom_left:3;inner_top_right:3;inner_bottom_right:3,warn,0.13216332378223497,0.8689630681818182,48,0.7890176773071289,0,0,0.00017911517105498835,0,271,0.048531518624641834,27,0.2962962962962963,0.6,127.0,1,0,,,0.0056521884877810185,low_valid_gaze_rate;high_data_loss;long_sampling_gap;gaze_out_of_bounds;low_marker_coverage;incomplete_metadata,5584,91.06066274642944,61.31077714146017,16.242265701293945,18.478083610534668,10.448721637343183,0.6433044397562577,48,0.7890176773071289,738,4846,0.13216332378223497,0.8689630681818182,0.13103693181818177,0.43291125446553125,3.1402467467383803,normalised,459,91.57828044891357,27,0.21965128393698302,0.4300174903735072,6.291477803732996,3.910202329675138,0.22679071177750507,-3.8780967718237127,3.884722460945962,1.7266740508207086,10.327440833001138,,,,0.2962962962962963,167.0,0.6,127.0
2025_04_11/003,2025_04_11,003,2025_04_11/003,LW03,GP3,Calib & Acc,4,,,1744348892.6908476,,,,,,,,,,GP3HD_data.csv,GP3HD,22.67,5.0,,,,,,1920.0,1080.0,,,,,,,,,,,,,,,True,True,True,True,True,True,True,recovered,True,ext_display_acc_video.avi,3857230,27,27,27,9,27,0.0025858732473555027,0.0036536008158934382,top_left:3;bottom_left:3;centre:3;top_right:3;bottom_right:3;inner_top_left:3;inner_bottom_left:3;inner_top_right:3;inner_bottom_right:3,warn,0.8397212543554007,0.1602787456445993,0,0.023419857025146484,0,0,0.0,0,122,0.02500512400081984,27,1.0,0.6,813.0,1,0,,,0.3795694748816559,gaze_out_of_bounds;gaze_video_duration_mismatch;incomplete_metadata;unknown_calibration_error_unit,4879,78.88939642906189,61.83340500502301,16.41261577606201,18.177151679992676,1.47024909564972,0.08958042494323758,0,0.023419857025146484,4097,782,0.8397212543554007,0.1602787456445993,0.8397212543554007,0.237589027121435,0.273253491351208,normalised,637,127.152667760849,27,0.020788600467307752,0.03555377113148636,0.06447623900183226,0.046418322882306524,-0.016103998219986364,-0.01194161724638282,0.020048465804854785,0.06814575351917743,0.08937997315092706,,,,1.0,1593.0,0.6,813.0
2025_04_11/004,2025_04_11,004,2025_04_11/004,LW03,GP3,Acc 10min,5,,,1744349477.7389948,,,,,,,,,,GP3HD_data.csv,GP3HD,,,,,,,,1920.0,1080.0,,,,,,,,,,,,,,,True,True,True,True,True,True,True,recovered,True,ext_display_acc_video.avi,2572098,27,27,27,9,27,0.0023890372051467677,0.003824811219699761,top_left:3;bottom_left:3;centre:3;top_right:3;bottom_right:3;inner_top_left:3;inner_bottom_left:3;inner_top_right:3;inner_bottom_right:3,warn,0.8362929139184847,0.17099748533109807,52,0.8650102615356445,0,0,0.00016914749661705008,0,219,0.037037037037037035,27,1.0,0.6,935.0,1,0,,,0.005265177681389094,long_sampling_gap;gaze_out_of_bounds;incomplete_metadata,5913,96.456787109375,61.29169524686968,16.295433044433594,18.173646926879883,11.124744824728305,0.6826909597550365,52,0.8650102615356445,4945,968,0.8362929139184847,0.17099748533109807,0.829002514668902,0.23693322049712787,0.3098489520597757,normalised,486,96.96733736991882,27,0.008126079684963306,0.014628302361615357,0.06730737649493373,0.05672884042171205,-0.012112476609515558,-0.014735902305159896,0.01907508601194968,0.017484956287763056,0.07234996428326076,,,,1.0,1646.0,0.6,935.0
2025_04_11/005,2025_04_11,005,2025_04_11/005,JL98,GP3,Calib & Acc,6,,,1744349690.0561163,,,,,,,,,,GP3HD_data.csv,GP3HD,139.77,5.0,,,,,,1920.0,1080.0,,,,,,,,,,,,,,,True,True,True,True,True,True,True,recovered,True,ext_display_acc_video.avi,3654056,27,27,27,9,27,0.0023890372051467677,0.003824811219699761,top_left:3;bottom_left:3;centre:3;top_right:3;bottom_right:3;inner_top_left:3;inner_bottom_left:3;inner_top_right:3;inner_bottom_right:3,warn,0.5683541709366674,0.4319950839819746,3,0.0280301570892334,0,0,0.0006150061500615006,0,168,0.03443328550932568,27,0.8888888888888888,0.6,675.0,1,0,,,0.3468835637200054,low_valid_gaze_rate;high_data_loss;gaze_out_of_bounds;gaze_video_duration_mismatch;incomplete_metadata;unknown_calibration_error_unit,4879,78.87448239326477,61.84509681697183,16.426444053649902,18.85069608688354,1.7788265024267285,0.10829041858462843,3,0.0280301570892334,2773,2106,0.5683541709366674,0.4319950839819746,0.5680049160180254,0.31927949043382287,0.30044975857887907,normalised,605,120.76634120941162,27,0.03599461877008611,0.06547750604898288,0.1547402901793504,0.11719500527703873,0.07339409711838758,0.02776616975814809,0.07847071858254903,0.1563633965145596,0.20230576846584186,,,,0.8888888888888888,1077.0,0.6,675.0
2025_04_11/006,2025_04_11,006,2025_04_11/006,JL98,GP3,Acc 10min,7,,,1744350669.117535,,,,,,,,,,GP3HD_data.csv,GP3HD,,,,,,,,1920.0,1080.0,,,,,,,,,,,,,,,True,True,True,True,True,True,True,recovered,True,ext_display_acc_video.avi,2601742,27,27,27,9,27,0.0023890372051467677,0.0036536008158934382,top_left:3;bottom_left:3;centre:3;top_right:3;bottom_right:3;inner_top_left:3;inner_bottom_left:3;inner_top_right:3;inner_bottom_right:3,warn,0.5624457182560362,0.4422049956933678,48,0.7601747512817383,0,0,0.0006949270326615705,0,418,0.07260726072607261,27,0.9629629629629629,0.6,744.0,1,0,,,0.005759693046634847,low_valid_gaze_rate;high_data_loss;long_sampling_gap;gaze_out_of_bounds;incomplete_metadata,5757,93.83097004890442,61.34435141190579,16.359567642211914,18.326938152313232,9.923623797120275,0.6065945026269985,48,0.7601747512817383,3238,2519,0.5624457182560362,0.4422049956933678,0.5577950043066322,0.3751805782664561,0.38170767133199335,normalised,473,94.37453842163086,27,0.03673523785767785,0.0640370469802442,0.32656799495589445,0.20685564295252237,0.132829678305458,0.1131799749228812,0.1745091119749209,0.09590764575754568,0.5051011429352136,,,,0.9629629629629629,1131.0,0.6,744.0
2025_04_11/007,2025_04_11,007,2025_04_11/007,,,,8,,,,,,,,,,,,,GP3HD_data.csv,GP3HD,,,,,,,,,,,,,,,,,,,,,,,,True,True,False,True,True,True,True,recovered,True,ext_display_acc_video.avi,2563590,27,27,27,9,27,0.0023890372051467677,0.0034508650660073636,top_left:3;bottom_left:3;centre:3;top_right:3;bottom_right:3;inner_top_left:3;inner_bottom_left:3;inner_top_right:3;inner_bottom_right:3,warn,0.7085171360705802,0.2966144517433047,43,0.7192678451538086,0,0,0.00016969285593076533,0,1162,0.19714964370546317,27,1.0,0.6,763.0,5,0,,,0.0057822540858849854,low_valid_gaze_rate;high_data_loss;long_sampling_gap;gaze_out_of_bounds;incomplete_metadata,5894,96.01087141036987,61.37846593238516,16.30425453186035,18.137502670288086,9.26613966855792,0.5683264849951182,43,0.7192678451538086,4176,1718,0.7085171360705802,0.2966144517433047,0.7033855482566953,0.4069381425732718,0.648458633498705,normalised,484,96.56925940513611,27,0.04416472233446057,0.07807045978070137,0.9129048947677584,0.49833762385927655,0.16593977454843498,-0.09784089637764794,0.19263657436002923,0.396776103550498,1.5277405712493204,,,,1.0,1357.0,0.6,763.0
2025_04_11/008,2025_04_11,008,2025_04_11/008,LW03,GP3,Acc 60min,9,,,1744351082.461099,,,,,,,,,,GP3HD_data.csv,GP3HD,,,,,,,,1920.0,1080.0,,,,,,,,,,,,,,,True,True,True,True,True,True,True,recovered,True,ext_display_acc_video.avi,2448188,27,27,27,9,27,0.0023890372051467677,0.003824811219699761,top_left:3;bottom_left:3;centre:3;top_right:3;bottom_right:3;inner_top_left:3;inner_bottom_left:3;inner_top_right:3;inner_bottom_right:3,warn,0.7726300784034212,0.2333804809052334,44,0.7360022068023682,0,0,0.00017822135091783995,0,1014,0.18068424803991448,27,1.0,0.6,844.0,1,0,,,0.005677949188013437,low_valid_gaze_rate;high_data_loss;long_sampling_gap;gaze_out_of_bounds;incomplete_metadata,5612,91.4590015411377,61.34989345445901,16.251325607299805,18.324971199035645,9.713715343595549,0.5977183386955414,44,0.7360022068023682,4336,1276,0.7726300784034212,0.2333804809052334,0.7666195190947667,0.394572008757998,0.39762084781678475,normalised,461,91.98126649856567,27,0.02953761031773402,0.04183768984000323,0.33881602287924756,0.2628156325937293,0.14872089135643984,0.03495042919496869,0.15277249761251696,0.07018210411600631,0.42709504234548595,,,,1.0,1489.0,0.6,844.0
2025_04_11/009,2025_04_11,009,2025_04_11/009,PW78,GP3,Calib & Acc,10,,,1744351248.5541692,,,,,,,,,,GP3HD_data.csv,GP3HD,34.8,5.0,,,,,,1920.0,1080.0,,,,,,,,,,,,,,,True,True,True,True,True,True,True,recovered,True,ext_display_acc_video.avi,3385980,27,27,27,9,27,0.0023890372051467677,0.003777020458143973,top_left:3;bottom_left:3;centre:3;top_right:3;bottom_right:3;inner_top_left:3;inner_bottom_left:3;inner_top_right:3;inner_bottom_right:3,warn,0.8434105349456856,0.1565894650543144,0,0.023982763290405273,0,0,0.0,0,0,0.0,27,1.0,0.6,762.0,1,0,,,0.31263877571199067,gaze_video_duration_mismatch;incomplete_metadata;unknown_calibration_error_unit,4879,78.88400197029114,61.83763346384386,16.427040100097656,18.197333812713623,1.470668667993201,0.08952730735614739,0,0.023982763290405273,4115,764,0.8434105349456856,0.1565894650543144,0.8434105349456856,0.25916572810976624,0.24440847964003448,normalised,575,114.76353216171265,27,0.009271350174056983,0.016659448662197058,0.054594950079075,0.05117906836695146,0.003300648493698742,-0.04052863866754075,0.04066281879952539,0.019498928795051895,0.0379657683014578,,,,1.0,1552.0,0.6,762.0
2025_04_11/010,2025_04_11,010,2025_04_11/010,PW78,GP3,Acc 10min,11,,,1744352150.33839,,,,,,,,,,GP3HD_data.csv,GP3HD,,,,,,,,1920.0,1080.0,,,,,,,,,,,,,,,True,True,True,True,True,True,True,recovered,True,ext_display_acc_video.avi,2573580,27,27,27,9,27,0.0023890372051467677,0.003824811219699761,top_left:3;bottom_left:3;centre:3;top_right:3;bottom_right:3;inner_top_left:3;inner_bottom_left:3;inner_top_right:3;inner_bottom_right:3,warn,0.7805609454930322,0.22626333275048086,50,0.836043119430542,0,0,0.00017642907551164433,0,117,0.020638560592697124,27,1.0,0.6,738.0,1,0,,,0.00525918286617684,low_valid_gaze_rate;high_data_loss;long_sampling_gap;gaze_out_of_bounds;incomplete_metadata,5669,92.47707939147949,61.29086296081956,16.34812355041504,18.067550659179684,10.97475877939991,0.6713161143880203,50,0.836043119430542,4425,1244,0.7805609454930322,0.22626333275048086,0.7737366672495192,0.24440646537351604,0.25409638205643453,normalised,466,92.96600461006165,27,0.0173416669899336,0.030730374289612814,0.09281624087310437,0.08604250581788975,0.007854004676255797,-0.08033033984961481,0.08071337491276932,0.05051762588764745,0.06952171451839126,,,,1.0,1525.0,0.6,738.0
2025_04_11/011,2025_04_11,011,2025_04_11/011,JL98,GP3,Acc 60min,12,,,1744353417.2034142,,,,,,,,,,GP3HD_data.csv,GP3HD,,,,,,,,1920.0,1080.0,,,,,,,,,,,,,,,True,True,True,True,True,True,True,recovered,True,ext_display_acc_video.avi,2352992,27,27,27,9,27,0.0023890372051467677,0.0036536008158934382,top_left:3;bottom_left:3;centre:3;top_right:3;bottom_right:3;inner_top_left:3;inner_bottom_left:3;inner_top_right:3;inner_bottom_right:3,warn,0.3250363372093023,0.6770175121863152,35,0.5848305225372314,0,0,0.00018171906232963838,0,27,0.0049055232558139535,27,0.5925925925925926,0.6,326.0,1,0,,,0.011275786630920869,low_valid_gaze_rate;high_data_loss;long_sampling_gap;low_marker_coverage;incomplete_metadata,5504,89.54976487159729,61.45186431131992,16.289710998535156,18.534469604492188,7.810033046007539,0.4794457708126223,35,0.5848305225372314,1789,3715,0.3250363372093023,0.6770175121863152,0.32298248781368477,0.2411652047995374,0.2868681807081795,normalised,454,90.5710244178772,27,0.03684079766572775,0.0642793698129159,0.40701483905791,0.20104587046385267,-0.013383735211916948,0.18453932761583797,0.18502401953564915,0.049079461711445095,0.7163822245338567,,,,0.5925925925925926,690.0,0.6,326.0
2025_04_11/012,2025_04_11,012,2025_04_11/012,PW78,GP3,Acc 60min,13,,,1744354735.3575416,,,,,,,,,,GP3HD_data.csv,GP3HD,,,,,,,,1920.0,1080.0,,,,,,,,,,,,,,,True,True,True,True,True,True,True,recovered,True,ext_display_acc_video.avi,2468540,27,27,27,9,27,0.0023890372051467677,0.0034508650660073636,top_left:3;bottom_left:3;centre:3;top_right:3;bottom_right:3;inner_top_left:3;inner_bottom_left:3;inner_top_right:3;inner_bottom_right:3,warn,0.7738095238095238,0.2335703138546905,55,0.8943746089935303,0,0,0.0003502013657853266,0,18,0.0031512605042016808,27,1.0,0.6,822.0,1,0,,,0.005729348039275377,low_valid_gaze_rate;high_data_loss;long_sampling_gap;incomplete_metadata,5712,93.23007249832153,61.257058446488045,16.273021697998047,18.122434616088867,11.700197953955078,0.7189935693009288,55,0.8943746089935303,4420,1292,0.7738095238095238,0.2335703138546905,0.7664296861453095,0.2422760738960146,0.2239990192578988,normalised,470,93.76729798316956,27,0.013507792983510085,0.03004749509798104,0.06950690925042632,0.06383155382938542,-0.00035416434541638936,-0.054043601066797474,0.054044761528299096,0.023476577931426625,0.0549446655544556,,,,1.0,1585.0,0.6,822.0
2025_04_12/001,2025_04_12,001,2025_04_12/001,CL98test,GP3,Calib & Acc,2,,,1744413207.420712,,,,,,,,,,GP3HD_data.csv,GP3HD,28.64,5.0,,,,,,1920.0,1080.0,,,,,,,,,,,,,,,True,True,True,True,True,True,True,recovered,True,ext_display_acc_video.avi,23594836,27,27,27,9,27,0.0023890372051467677,0.0033974639237605523,top_left:3;bottom_left:3;centre:3;top_right:3;bottom_right:3;inner_top_left:3;inner_bottom_left:3;inner_top_right:3;inner_bottom_right:3,warn,0.816447908121411,0.18455551003687012,6,0.029895305633544922,0,0,0.0012307692307692308,0,238,0.04881050041017227,27,1.0,0.6,837.0,1,0,,,0.483374382196736,gaze_out_of_bounds;gaze_video_duration_mismatch;incomplete_metadata;unknown_calibration_error_unit,4876,78.83079552650452,61.841314266084325,16.55435562133789,19.159746170043945,1.9112310296787547,0.11545185287763515,6,0.029895305633544922,3981,895,0.816447908121411,0.18455551003687012,0.8154444899631299,0.2536765152686773,0.31005406857440654,normalised,4580,152.5878562927246,27,0.017324671626325273,0.029715853502257625,0.07694536670040988,0.061697656815615044,0.01705877453612693,-0.032663464570476565,0.03684974499804836,0.055436235292699816,0.09183380942020547,,,,1.0,1610.0,0.6,837.0
2025_04_12/002,2025_04_12,002,2025_04_12/002,MQ85,GP3,Calib & Acc,3,,,1744415472.0736544,,,,,,,,,,GP3HD_data.csv,GP3HD,10.48,5.0,,,,,,1920.0,1080.0,,,,,,,,,,,,,,,True,True,True,True,True,True,True,recovered,True,ext_display_acc_video.avi,19729124,27,27,27,9,27,0.002724367157374172,0.003631645859418837,top_left:3;bottom_left:3;centre:3;top_right:3;bottom_right:3;inner_top_left:3;inner_bottom_left:3;inner_top_right:3;inner_bottom_right:3,warn,0.7609275600246255,0.23922855970455478,1,0.025056838989257812,0,0,0.00020525451559934318,0,35,0.007182433819002668,27,0.9629629629629629,0.6,730.0,1,0,,,0.3870006496859468,low_valid_gaze_rate;high_data_loss;gaze_video_duration_mismatch;incomplete_metadata;unknown_calibration_error_unit,4873,78.79291725158691,61.83296887515453,16.518831253051758,18.867599964141846,1.7512603060600738,0.10601599345816543,1,0.025056838989257812,3708,1165,0.7609275600246255,0.23922855970455478,0.7607714402954452,0.2559776216809957,0.2484282197551566,normalised,3855,128.53670597076416,27,0.022175746416284205,0.04468453414897786,0.12237578406450908,0.1008710305547512,-0.046416921642123125,-0.06941430064716997,0.08350374691633124,0.03644509492468411,0.13849452686435026,,,,0.9629629629629629,1419.0,0.6,730.0
2025_04_12/003,2025_04_12,003,2025_04_12/003,MQ85,GP3,Acc 10min,4,,,1744417129.0376344,,,,,,,,,,GP3HD_data.csv,GP3HD,,,,,,,,1920.0,1080.0,,,,,,,,,,,,,,,True,True,True,True,True,True,True,recovered,True,ext_display_acc_video.avi,11694472,27,27,27,9,27,0.0027243671573741477,0.003631645859418837,top_left:3;bottom_left:3;centre:3;top_right:3;bottom_right:3;inner_top_left:3;inner_bottom_left:3;inner_top_right:3;inner_bottom_right:3,warn,0.4267797860568056,0.5797312023247366,84,0.7591180801391602,0,0,0.00387382401770891,0,92,0.016967908520841016,27,0.6296296296296297,0.6,458.0,1,0,,,0.010520684979461403,low_valid_gaze_rate;high_data_loss;long_sampling_gap;gaze_out_of_bounds;low_marker_coverage;incomplete_metadata,5422,88.84534907341003,61.01613710269519,16.390085220336914,18.779993057250977,10.65767630901128,0.650251427356044,84,0.7591180801391602,2314,3108,0.4267797860568056,0.5797312023247366,0.4202687976752634,0.27324922753435993,0.3252574904856132,normalised,2695,89.7900013923645,27,0.01771964094929411,0.031127210868079735,0.15761300130394623,0.12298111338188132,-0.026840113031362984,-0.10239273776401892,0.10585208743500284,0.06910476292305953,0.19915806736549002,,,,0.6296296296296297,883.0,0.6,458.0
2025_04_12/004,2025_04_12,004,2025_04_12/004,NM84,GP3,Calib & Acc,5,,,1744418859.0676947,,,,,,,,,,GP3HD_data.csv,GP3HD,15.84,5.0,,,,,,1920.0,1080.0,,,,,,,,,,,,,,,True,True,True,True,True,True,True,recovered,True,ext_display_acc_video.avi,15914614,27,27,27,9,27,0.002724367157374172,0.0034508650660073636,top_left:3;bottom_left:3;centre:3;top_right:3;bottom_right:3;inner_top_left:3;inner_bottom_left:3;inner_top_right:3;inner_bottom_right:3,warn,0.8157192694438744,0.18478260869565216,3,0.06186962127685547,0,0,0.00020525451559934318,0,125,0.025651549353580955,27,1.0,0.6,759.0,1,0,,,0.3003957075474986,gaze_out_of_bounds;gaze_video_duration_mismatch;incomplete_metadata;unknown_calibration_error_unit,4873,78.82627081871033,61.80680564230846,16.50404930114746,18.87186765670776,1.8208415179190358,0.11032695580910801,3,0.06186962127685547,3975,898,0.8157192694438744,0.18478260869565216,0.8152173913043479,0.2639448367303312,0.23938715171912642,normalised,3382,112.67265176773071,27,0.022127949436678254,0.045868371595267896,0.09026885646691818,0.08158896590171058,-0.03329856193132302,-0.061165910143002294,0.06964239219265796,0.0378168718956438,0.07714238407357422,,,,1.0,1552.0,0.6,759.0
2025_04_12/005,2025_04_12,005,2025_04_12/005,QZ00,GP3,Calib & Acc,6,,,1744419864.3892097,,,,,,,,,,GP3HD_data.csv,GP3HD,50.96,5.0,,,,,,1920.0,1080.0,,,,,,,,,,,,,,,True,True,True,True,True,True,True,recovered,True,ext_display_acc_video.avi,16055192,27,27,27,9,27,0.0025858732473555027,0.0031835279202937442,top_left:3;bottom_left:3;centre:3;top_right:3;bottom_right:3;inner_top_left:3;inner_bottom_left:3;inner_top_right:3;inner_bottom_right:3,warn,0.6925918325466858,0.3074081674533142,0,0.024658203125,0,0,0.0,0,322,0.06607839113482454,27,1.0,0.6,665.0,1,0,,,0.30896407265340176,low_valid_gaze_rate;high_data_loss;gaze_out_of_bounds;gaze_video_duration_mismatch;incomplete_metadata;unknown_calibration_error_unit,4873,78.78489947319031,61.83926149017797,16.49940013885498,19.156181812286373,1.8062099864051393,0.10947125175488265,0,0.024658203125,3375,1498,0.6925918325466858,0.3074081674533142,0.6925918325466858,0.29757835980334335,0.36092836744974427,normalised,3423,114.00984573364258,27,0.027776827782958164,0.049986119339142224,0.29958434835730063,0.21431085770162148,-0.005012876913628284,-0.12683244839759514,0.1269314732502535,0.2154219054531803,0.41811484105083435,,,,1.0,1373.0,0.6,665.0
2025_04_12/008,2025_04_12,008,2025_04_12/008,NM84,GP3,Acc 10min,9,,,1744420349.0142047,,,,,,,,,,GP3HD_data.csv,GP3HD,,,,,,,,1920.0,1080.0,,,,,,,,,,,,,,,True,True,True,True,True,True,True,recovered,True,ext_display_acc_video.avi,11769816,27,27,27,9,27,0.0025858732473555027,0.003183527920293794,top_left:3;bottom_left:3;centre:3;top_right:3;bottom_right:3;inner_top_left:3;inner_bottom_left:3;inner_top_right:3;inner_bottom_right:3,warn,0.6535360938072554,0.35227891774105685,49,0.8148620128631592,0,0,0.0001832508704416346,0,0,0.0,27,0.8518518518518519,0.6,683.0,1,0,,,0.01031068213461129,low_valid_gaze_rate;high_data_loss;long_sampling_gap;incomplete_metadata,5458,89.05411553382874,61.277347681108175,16.379117965698242,18.677091598510742,10.926045799053027,0.667071683709389,49,0.8148620128631592,3567,1891,0.6535360938072554,0.35227891774105685,0.6477210822589432,0.25125396592795,0.22682859956644177,normalised,2701,89.9818902015686,27,0.021962902945556136,0.0420732453131948,0.08881131192661924,0.08178383500072024,0.0008249138357037606,0.05058983456706643,0.05059655960991305,0.030710657351310483,0.06938917104401446,,,,0.8518518518518519,1128.0,0.6,683.0
2025_04_12/011,2025_04_12,011,2025_04_12/011,MQ85,GP3,Acc 60min,12,,,1744420739.534862,,,,,,,,,,GP3HD_data.csv,GP3HD,,,,,,,,1920.0,1080.0,,,,,,,,,,,,,,,True,True,True,True,True,True,True,recovered,True,ext_display_acc_video.avi,11965518,27,27,27,9,27,0.0027839016697693577,0.0034508650660073636,top_left:3;bottom_left:3;centre:3;top_right:3;bottom_right:3;inner_top_left:3;inner_bottom_left:3;inner_top_right:3;inner_bottom_right:3,warn,0.6016245487364621,0.40343654913191335,47,0.7964334487915039,0,0,0.00018053800324968405,0,185,0.033393501805054154,27,0.8888888888888888,0.6,582.0,1,0,,,0.010288318071530685,low_valid_gaze_rate;high_data_loss;long_sampling_gap;gaze_out_of_bounds;incomplete_metadata,5540,90.35136342048645,61.305106976881284,16.43991470336914,18.630075454711914,10.604470234052414,0.6450441152154621,47,0.7964334487915039,3333,2207,0.6016245487364621,0.40343654913191335,0.5965634508680866,0.25683758205828916,0.2569062307232996,normalised,2741,91.2905900478363,27,0.016984865958925458,0.03632387589311678,0.0929368228720173,0.08347893021734536,0.022132605165816183,0.04981247338030881,0.054508116053390496,0.04608024680423716,0.08178311458171753,,,,0.8888888888888888,1214.0,0.6,582.0
2025_04_12/012,2025_04_12,012,2025_04_12/012,QZ00,GP3,Acc 10min,13,,,1744420948.1820211,,,,,,,,,,GP3HD_data.csv,GP3HD,,,,,,,,1920.0,1080.0,,,,,,,,,,,,,,,True,True,True,True,True,True,True,recovered,True,ext_display_acc_video.avi,11307238,27,27,27,9,27,0.0025858732473555027,0.0034508650660073636,top_left:3;bottom_left:3;centre:3;top_right:3;bottom_right:3;inner_top_left:3;inner_bottom_left:3;inner_top_right:3;inner_bottom_right:3,warn,0.7716860683439729,0.23563325274316532,51,0.8493623733520508,0,0,0.00018779342723004695,0,103,0.019339091250469394,27,1.0,0.6,817.0,1,0,,,0.0107088921480843,low_valid_gaze_rate;high_data_loss;long_sampling_gap;gaze_out_of_bounds;incomplete_metadata,5326,86.93760824203491,61.25082237338716,16.431093215942383,18.49684715270996,11.514449692910118,0.7007719779556811,51,0.8493623733520508,4110,1216,0.7716860683439729,0.23563325274316532,0.7643667472568347,0.262718769377293,0.3162804240025413,normalised,2639,87.87869167327881,27,0.013309333761693189,0.024615476822358876,0.27820398445275557,0.12011449006309123,-0.005397510551089869,-0.02160502138167979,0.022269038350408565,0.24964526789221353,0.5012080177139908,,,,1.0,1569.0,0.6,817.0
2025_04_12/013,2025_04_12,013,2025_04_12/013,SY91,GP3,Calib & Acc,14,,,1744423118.1159763,,,,,,,,,,GP3HD_data.csv,GP3HD,1477.47,3.0,,,,,,1920.0,1080.0,,,,,,,,,,,,,,,True,True,True,True,True,True,True,recovered,True,ext_display_acc_video.avi,16209876,27,27,27,9,27,0.002727856047018324,0.0033974639237605523,top_left:3;bottom_left:3;centre:3;top_right:3;bottom_right:3;inner_top_left:3;inner_bottom_left:3;inner_top_right:3;inner_bottom_right:3,warn,0.8896410256410257,0.11035897435897436,0,0.02287912368774414,0,0,0.0,0,0,0.0,27,1.0,0.6,830.0,1,0,,,0.3070304409600239,gaze_video_duration_mismatch;incomplete_metadata;insufficient_calibration_points;unknown_calibration_error_unit,4875,78.81409406661987,61.8417309457381,16.460776329040527,18.71390342712402,1.5938641213528064,0.09682800431112536,0,0.02287912368774414,4337,538,0.8896410256410257,0.11035897435897436,0.8896410256410257,0.0,0.0,normalised,3414,113.73384737968445,27,0.0,0.0,0.7928850273946828,0.7470515872913417,-0.4977777777777778,-0.49777777777777776,0.703964084381274,0.0,0.5306326022035638,,,,1.0,1532.0,0.6,830.0
2025_04_12/014,2025_04_12,014,2025_04_12/014,QZ00,GP3,Acc 60min,15,,,1744423326.0523596,,,,,,,,,,GP3HD_data.csv,GP3HD,,,,,,,,1920.0,1080.0,,,,,,,,,,,,,,,True,True,True,True,True,True,True,recovered,True,ext_display_acc_video.avi,11232046,27,27,27,9,27,0.0025858732473555027,0.0034508650660073636,top_left:3;bottom_left:3;centre:3;top_right:3;bottom_right:3;inner_top_left:3;inner_bottom_left:3;inner_top_right:3;inner_bottom_right:3,warn,0.8669301712779973,0.14195230998509686,55,0.9125068187713623,0,0,0.00018825301204819278,0,0,0.0,27,0.9629629629629629,0.6,879.0,1,0,,,0.009960512928347267,long_sampling_gap;incomplete_metadata,5313,86.79452610015869,61.20201628694978,16.438603401184082,18.487250804901123,12.386534920562479,0.7535028748044538,55,0.9125068187713623,4606,707,0.8669301712779973,0.14195230998509686,0.8580476900149031,0.0,0.0,normalised,2633,87.6677417755127,27,0.0,0.0,0.8027884097128152,0.7578347069724269,-0.5042307692307693,-0.5042307692307693,0.7130899924119721,0.0,0.5294250588124312,,,,0.9629629629629629,1612.0,0.6,879.0
2025_04_12/015,2025_04_12,015,2025_04_12/015,YR00,GP3,Calib & Acc,16,,,1744423489.911293,,,,,,,,,,GP3HD_data.csv,GP3HD,31.99,5.0,,,,,,1920.0,1080.0,,,,,,,,,,,,,,,True,True,True,True,True,True,True,recovered,True,ext_display_acc_video.avi,15569492,27,27,27,9,27,0.0025858732473555027,0.0031892035057003824,top_left:3;bottom_left:3;centre:3;top_right:3;bottom_right:3;inner_top_left:3;inner_bottom_left:3;inner_top_right:3;inner_bottom_right:3,warn,0.5648338120640132,0.43539786710418377,2,0.026338577270507812,0,0,0.0004104247896572953,0,292,0.059909725071809604,27,0.9259259259259259,0.6,626.0,1,0,,,0.2911189038413058,low_valid_gaze_rate;high_data_loss;gaze_out_of_bounds;gaze_video_duration_mismatch;incomplete_metadata;unknown_calibration_error_unit,4874,78.80114841461182,61.83920029135536,16.555070877075195,19.906139373779297,2.084702121199769,0.12592529121011384,2,0.026338577270507812,2753,2121,0.5648338120640132,0.43539786710418377,0.5646021328958162,0.36914361534280665,0.3318144900099376,normalised,3337,111.16271662712097,27,0.024783872317609208,0.045967252965364976,0.45675760106584595,0.24334765995640667,-0.05733926946646469,-0.14704040364899063,0.15782481467819293,0.2617782546969361,0.7732313404181693,,,,0.9259259259259259,1019.0,0.6,626.0
2025_04_12/016,2025_04_12,016,2025_04_12/016,NM84,GP3,Acc 60min,17,,,1744423787.7483275,,,,,,,,,,GP3HD_data.csv,GP3HD,,,,,,,,1920.0,1080.0,,,,,,,,,,,,,,,True,True,True,True,True,True,True,recovered,True,ext_display_acc_video.avi,11568968,27,27,27,9,27,0.0024513071913956036,0.0031892035057003824,top_left:3;bottom_left:3;centre:3;top_right:3;bottom_right:3;inner_top_left:3;inner_bottom_left:3;inner_top_right:3;inner_bottom_right:3,warn,0.8156002212797344,0.19111192392099488,45,0.7482564449310303,0,0,0.00018443378827001107,0,914,0.1685413977503227,27,1.0,0.6,791.0,1,0,,,0.01067847304567065,long_sampling_gap;gaze_out_of_bounds;incomplete_metadata,5423,88.41520810127258,61.324291560672805,16.330957412719727,18.5821533203125,10.055901774965886,0.6157570264149745,45,0.7482564449310303,4423,1000,0.8156002212797344,0.19111192392099488,0.8088880760790051,0.22302724826269005,0.2580282617530364,normalised,2684,89.36953830718994,27,0.016560884748969152,0.03624574777972759,0.24280891171154684,0.2398266381550214,-0.026956775355490036,-0.23608098111785505,0.23761501927095305,0.022993719008290968,0.07577652272642418,,,,1.0,1571.0,0.6,791.0
2025_04_12/017,2025_04_12,017,2025_04_12/017,SS73,GP3,Calib & Acc,18,,,1744424185.711828,,,,,,,,,,GP3HD_data.csv,GP3HD,21.04,5.0,,,,,,1920.0,1080.0,,,,,,,,,,,,,,,True,True,True,True,True,True,True,recovered,True,ext_display_acc_video.avi,15829362,27,27,27,9,27,0.0027243671573741477,0.0034508650660073636,top_left:3;bottom_left:3;centre:3;top_right:3;bottom_right:3;inner_top_left:3;inner_bottom_left:3;inner_top_right:3;inner_bottom_right:3,warn,0.8493741021957726,0.15080016413623307,1,0.025979280471801758,0,0,0.00020525451559934318,0,17,0.00348861071208701,27,1.0,0.6,797.0,1,0,,,0.2982142783075532,gaze_video_duration_mismatch;incomplete_metadata;unknown_calibration_error_unit,4873,78.78293895721436,61.84080036219388,16.519665718078613,18.723917007446286,1.7042043536656626,0.10316215731899671,1,0.025979280471801758,4139,734,0.8493741021957726,0.15080016413623307,0.8491998358637669,0.24215733372412965,0.28030115214374846,normalised,3370,112.26067519187927,27,0.008204387433422887,0.01493579065672121,0.05467440300477806,0.04475223975149945,0.004747466037182351,-0.015781630052327866,0.01648023910271747,0.014375423544685788,0.062734414816268,,,,1.0,1713.0,0.6,797.0
2025_04_12/018,2025_04_12,018,2025_04_12/018,YR00,GP3,Acc 10min,19,,,1744424478.2458484,,,,,,,,,,GP3HD_data.csv,GP3HD,,,,,,,,1920.0,1080.0,,,,,,,,,,,,,,,True,True,True,True,True,True,True,recovered,True,ext_display_acc_video.avi,11657978,27,27,27,9,27,0.0024513071913956036,0.0031835279202937442,top_left:3;bottom_left:3;centre:3;top_right:3;bottom_right:3;inner_top_left:3;inner_bottom_left:3;inner_top_right:3;inner_bottom_right:3,warn,0.7741461623209696,0.23331514820876523,53,0.8950223922729492,0,0,0.00018365472910927456,0,267,0.049026808666911496,27,1.0,0.6,784.0,1,0,,,0.009914720642696911,low_valid_gaze_rate;high_data_loss;long_sampling_gap;gaze_out_of_bounds;incomplete_metadata,5446,88.93647480010986,61.2234745332325,16.4334774017334,18.423795700073242,11.999733526153696,0.7302005067343791,53,0.8950223922729492,4216,1230,0.7741461623209696,0.23331514820876523,0.7666848517912348,0.2554056613964064,0.21352019543133602,normalised,2698,89.82708525657654,27,0.013404662262803912,0.024890456634791624,0.08366744842707605,0.07000343900080606,-0.013602458671821312,0.023422337083111675,0.027085655915142892,0.028783017567850486,0.09152424511895339,,,,1.0,1677.0,0.6,784.0
2025_04_12/019,2025_04_12,019,2025_04_12/019,SS73,GP3,Acc 10min,20,,,1744425281.6677155,,,,,,,,,,GP3HD_data.csv,GP3HD,,,,,,,,1920.0,1080.0,,,,,,,,,,,,,,,True,True,True,True,True,True,True,recovered,True,ext_display_acc_video.avi,11889150,27,27,27,9,27,0.002724367157374172,0.003631645859418837,top_left:3;bottom_left:3;centre:3;top_right:3;bottom_right:3;inner_top_left:3;inner_bottom_left:3;inner_top_right:3;inner_bottom_right:3,warn,0.8066630256690334,0.201765447667087,58,0.966731071472168,0,0,0.0001820830298616169,0,65,0.0118332423083925,27,1.0,0.6,840.0,1,0,,,0.010123792474571684,high_data_loss;long_sampling_gap;gaze_out_of_bounds;incomplete_metadata,5493,89.75626230239868,61.187931171831224,16.415953636169434,18.53630542755127,12.915679825582966,0.7867760906150295,58,0.966731071472168,4431,1062,0.8066630256690334,0.201765447667087,0.798234552332913,0.22947845229383226,0.2616074427053134,normalised,2717,90.67422938346863,27,0.013810545171107538,0.029179268760162202,0.06521968466445628,0.050987107725584714,0.00046400248644344713,-0.02870113161255655,0.02870488206122294,0.02058448277981733,0.08122856975703156,,,,1.0,1424.0,0.6,840.0
2025_04_12/020,2025_04_12,020,2025_04_12/020,RB76,GP3,Calib & Acc,21,,,1744425607.4626734,,,,,,,,,,GP3HD_data.csv,GP3HD,27.96,5.0,,,,,,1920.0,1080.0,,,,,,,,,,,,,,,True,True,True,True,True,True,True,recovered,True,ext_display_acc_video.avi,15914570,27,27,27,9,27,0.002724367157374172,0.003631645859418837,top_left:3;bottom_left:3;centre:3;top_right:3;bottom_right:3;inner_top_left:3;inner_bottom_left:3;inner_top_right:3;inner_bottom_right:3,warn,0.8465011286681715,0.15367254821501847,1,0.024831295013427734,0,0,0.00020525451559934318,0,7,0.0014364867638005335,27,1.0,0.6,768.0,1,0,,,0.30380190621937464,gaze_video_duration_mismatch;incomplete_metadata;unknown_calibration_error_unit,4873,78.7844910621643,61.839582058806286,16.488075256347656,18.846499919891357,1.6622435127516677,0.10081489118092965,1,0.024831295013427734,4125,748,0.8465011286681715,0.15367254821501847,0.8463274517849815,0.22613115765727812,0.24358477948592458,normalised,3397,113.1638994216919,27,0.01807653048738996,0.03169870293469702,0.0747324307353602,0.06164187093989547,0.004024845771385689,-0.05676683368269701,0.05690933833600972,0.056442442674035836,0.0843911021312055,,,,1.0,1600.0,0.6,768.0
2025_04_12/021,2025_04_12,021,2025_04_12/021,SY91,GP3,Acc 10min,22,,,1744426223.246376,,,,,,,,,,GP3HD_data.csv,GP3HD,,,,,,,,1920.0,1080.0,,,,,,,,,,,,,,,True,True,True,True,True,True,True,recovered,True,ext_display_acc_video.avi,11547250,27,27,27,9,27,0.0025858732473555027,0.0031892035057003824,top_left:3;bottom_left:3;centre:3;top_right:3;bottom_right:3;inner_top_left:3;inner_bottom_left:3;inner_top_right:3;inner_bottom_right:3,warn,0.7580406654343808,0.24931356397583745,53,0.8913733959197998,0,0,0.00018487705675725643,0,363,0.06709796672828096,27,1.0,0.6,736.0,1,0,,,0.010042248925802846,low_valid_gaze_rate;high_data_loss;long_sampling_gap;gaze_out_of_bounds;incomplete_metadata,5410,88.34165215492249,61.22819607804454,16.362428665161133,18.575668334960938,11.99001262915248,0.7327770757333599,53,0.8913733959197998,4101,1309,0.7580406654343808,0.24931356397583745,0.7506864360241625,0.21258174113460326,0.20336361513781154,normalised,2679,89.23780035972595,27,0.016399263181280096,0.031939864768585374,0.21094973504020556,0.20404425235384793,-0.03457020033092598,-0.19872371421858814,0.2017082381653051,0.07412216210301148,0.10692252399146779,,,,1.0,1361.0,0.6,736.0
2025_04_12/022,2025_04_12,022,2025_04_12/022,SY91,GP3,Acc 60min,23,,,1744426360.968299,,,,,,,,,,GP3HD_data.csv,GP3HD,,,,,,,,1920.0,1080.0,,,,,,,,,,,,,,,True,True,True,True,True,True,True,recovered,True,ext_display_acc_video.avi,10959788,27,27,27,9,27,0.002727856047018324,0.0034508650660073636,top_left:3;bottom_left:3;centre:3;top_right:3;bottom_right:3;inner_top_left:3;inner_bottom_left:3;inner_top_right:3;inner_bottom_right:3,warn,0.7130036280313157,0.2932046185879235,46,0.763211727142334,0,0,0.00019098548510313216,0,658,0.1256444529310674,27,1.0,0.6,757.0,1,0,,,0.01111778277903247,low_valid_gaze_rate;high_data_loss;long_sampling_gap;gaze_out_of_bounds;incomplete_metadata,5237,85.42378234863281,61.294406031223936,16.344308853149414,18.577098846435547,10.431301789233387,0.638222263355196,46,0.763211727142334,3734,1503,0.7130036280313157,0.2932046185879235,0.7067953814120764,0.21726769707626153,0.22159914592815158,normalised,2593,86.38418292999268,27,0.021673043752050987,0.0432282671607069,0.25358235126335554,0.2490620533027524,-0.02158889535123167,-0.24722811547679205,0.24816893738881274,0.06329478146235316,0.09520620124210452,,,,1.0,1286.0,0.6,757.0
2025_04_12/023,2025_04_12,023,2025_04_12/023,YR00,GP3,Acc 60min,24,,,1744426907.2081916,,,,,,,,,,GP3HD_data.csv,GP3HD,,,,,,,,1920.0,1080.0,,,,,,,,,,,,,,,True,True,True,True,True,True,True,recovered,True,ext_display_acc_video.avi,10379446,27,27,27,9,27,0.0027243671573741477,0.0031835279202937442,top_left:3;bottom_left:3;centre:3;top_right:3;bottom_right:3;inner_top_left:3;inner_bottom_left:3;inner_top_right:3;inner_bottom_right:3,warn,0.6880952380952381,0.3187978786093105,51,0.8527348041534424,0,0,0.00019845207382417147,0,73,0.014484126984126985,27,0.9629629629629629,0.6,697.0,1,0,,,0.010407200214277993,low_valid_gaze_rate;high_data_loss;long_sampling_gap;gaze_out_of_bounds;incomplete_metadata,5040,82.31589388847351,61.21539549612543,16.445159912109375,18.627643585205078,11.889017775841927,0.7229493564904445,51,0.8527348041534424,3468,1572,0.6880952380952381,0.3187978786093105,0.6812021213906895,0.2478724145439659,0.1993560426043514,normalised,2498,83.1815812587738,27,0.023991008291597414,0.042850979131747555,0.1345632653155772,0.10801419411940821,-0.033873519694385616,0.05555021138220711,0.0650633638931605,0.11539601648605081,0.16040674595459786,,,,0.9629629629629629,1439.0,0.6,697.0
2025_04_12/024,2025_04_12,024,2025_04_12/024,RB76,GP3,Acc 10min,25,,,1744427105.25365,,,,,,,,,,GP3HD_data.csv,GP3HD,,,,,,,,1920.0,1080.0,,,,,,,,,,,,,,,True,True,True,True,True,True,True,recovered,True,ext_display_acc_video.avi,11639864,27,27,27,9,27,0.0025858732473555027,0.0031892035057003824,top_left:3;bottom_left:3;centre:3;top_right:3;bottom_right:3;inner_top_left:3;inner_bottom_left:3;inner_top_right:3;inner_bottom_right:3,warn,0.8239852398523986,0.1814516129032258,36,0.6043086051940918,0,0,0.00018453589223103894,0,64,0.011808118081180811,27,1.0,0.6,774.0,1,0,,,0.01572615972040541,long_sampling_gap;gaze_out_of_bounds;incomplete_metadata,5420,88.2171037197113,61.427997196751924,16.376495361328125,18.48428249359131,8.120337583188721,0.49585319715989384,36,0.6043086051940918,4466,954,0.8239852398523986,0.1814516129032258,0.8185483870967742,0.22606963956653475,0.24465188340160723,normalised,2690,89.6265857219696,27,0.01691526797625261,0.025878675141156757,0.07750419747725863,0.07009117848998037,0.0023601948944714565,-0.06027982428952278,0.060326012103533166,0.021887857629988624,0.06606709506323678,,,,1.0,1594.0,0.6,774.0
2025_04_12/025,2025_04_12,025,2025_04_12/025,AW75,GP3,Calib & Acc,26,,,1744427620.3421986,,,,,,,,,,GP3HD_data.csv,GP3HD,85.09,5.0,,,,,,1920.0,1080.0,,,,,,,,,,,,,,,True,True,True,True,True,True,True,recovered,True,ext_display_acc_video.avi,16316674,27,27,27,9,27,0.0025858732473555027,0.0034508650660073636,top_left:3;bottom_left:3;centre:3;top_right:3;bottom_right:3;inner_top_left:3;inner_bottom_left:3;inner_top_right:3;inner_bottom_right:3,warn,0.787399958957521,0.2127615921214608,1,0.0258786678314209,0,0,0.00020525451559934318,0,734,0.1506258978042274,27,1.0,0.6,775.0,1,0,,,0.3186358929873204,low_valid_gaze_rate;high_data_loss;gaze_out_of_bounds;gaze_video_duration_mismatch;incomplete_metadata;unknown_calibration_error_unit,4873,78.78590369224548,61.838473276019904,16.529321670532227,19.44361925125122,1.9080965385850797,0.11543707458889577,1,0.0258786678314209,3837,1036,0.787399958957521,0.2127615921214608,0.7872384078785392,0.24931066109332578,0.3645029954923636,normalised,3468,115.62966537475586,27,0.020007192952706167,0.03320222522153269,0.2444853421759572,0.16512318420440414,-0.025802630235713876,0.12448478953121057,0.12713079309007227,0.02780382798984221,0.3601160748291478,,,,1.0,1502.0,0.6,775.0
2025_04_12/026,2025_04_12,026,2025_04_12/026,JH71,GP3,Calib & Acc,27,,,1744427896.8806133,,,,,,,,,,GP3HD_data.csv,GP3HD,16.06,5.0,,,,,,1920.0,1080.0,,,,,,,,,,,,,,,True,True,True,True,True,True,True,recovered,True,ext_display_acc_video.avi,14523658,27,27,27,9,27,0.002724367157374172,0.0031892035057003824,top_left:3;bottom_left:3;centre:3;top_right:3;bottom_right:3;inner_top_left:3;inner_bottom_left:3;inner_top_right:3;inner_bottom_right:3,warn,0.8517227235438884,0.14845191716218986,1,0.026676416397094727,0,0,0.00020512820512820512,0,6,0.0012305168170631665,27,1.0,0.6,814.0,1,0,,,0.26274159667177227,gaze_video_duration_mismatch;incomplete_metadata;unknown_calibration_error_unit,4876,78.83584880828857,61.837350313242986,16.448974609375,18.764400482177734,1.6069159108482387,0.09769094724800571,1,0.026676416397094727,4153,723,0.8517227235438884,0.14845191716218986,0.8515480828378101,0.25057102480399135,0.24874080127028275,normalised,3209,106.93109560012817,27,0.01049859006143713,0.019443536437942797,0.06825299059535696,0.06469666202728826,-0.009007735000310126,-0.046917286970031044,0.047774167773641615,0.03365566724031591,0.0434305992908073,,,,1.0,1564.0,0.6,814.0
2025_04_12/027,2025_04_12,027,2025_04_12/027,SS73,GP3,Acc 60min,28,,,1744428111.4956112,,,,,,,,,,GP3HD_data.csv,GP3HD,,,,,,,,1920.0,1080.0,,,,,,,,,,,,,,,True,True,True,True,True,True,True,recovered,True,ext_display_acc_video.avi,11912230,27,27,27,9,27,0.002727856047018324,0.003183527920293794,top_left:3;bottom_left:3;centre:3;top_right:3;bottom_right:3;inner_top_left:3;inner_bottom_left:3;inner_top_right:3;inner_bottom_right:3,warn,0.7877632534495279,0.21918301241677163,49,0.8245012760162354,0,0,0.00018158707100054475,0,688,0.12490922294843863,27,1.0,0.6,815.0,1,0,,,0.010434536792758091,low_valid_gaze_rate;high_data_loss;long_sampling_gap;gaze_out_of_bounds;incomplete_metadata,5508,89.86271333694458,61.282369466758006,16.350269317626953,18.57779026031494,10.996920049497476,0.672583419628561,49,0.8245012760162354,4339,1169,0.7877632534495279,0.21918301241677163,0.7808169875832284,0.25101725521637125,0.2784111185956218,normalised,2726,90.8102765083313,27,0.012776304700381175,0.02222408824944247,0.12972435455928868,0.12259649769617109,0.0014044179155156484,0.11472236430572433,0.11473096034452407,0.018690666692466378,0.08470466629696247,,,,1.0,1497.0,0.6,815.0
2025_04_12/028,2025_04_12,028,2025_04_12/028,JH71,GP3,Acc 10min,29,,,1744428715.190672,,,,,,,,,,GP3HD_data.csv,GP3HD,,,,,,,,1920.0,1080.0,,,,,,,,,,,,,,,True,True,True,True,True,True,True,recovered,True,ext_display_acc_video.avi,11562116,27,27,27,9,27,0.002727856047018324,0.0034508650660073636,top_left:3;bottom_left:3;centre:3;top_right:3;bottom_right:3;inner_top_left:3;inner_bottom_left:3;inner_top_right:3;inner_bottom_right:3,warn,0.8516260162601627,0.1563243639026176,51,0.8504300117492676,0,0,0.00018480872297172427,0,2,0.0003695491500369549,27,1.0,0.6,878.0,1,0,,,0.009852717732295912,long_sampling_gap;incomplete_metadata,5412,88.33486247062683,61.25554337959454,16.391515731811523,18.433570861816406,11.432254689840795,0.6974495145469594,51,0.8504300117492676,4609,803,0.8516260162601627,0.1563243639026176,0.8436756360973824,0.2519869537521211,0.25938693601690294,normalised,2675,89.2138614654541,27,0.013652731122080916,0.025180139432156842,0.05520283557693114,0.05057858006256876,-0.005860714325096616,-0.03985389769494213,0.04028251647898014,0.01649262118593509,0.04417503257045142,,,,1.0,1566.0,0.6,878.0
2025_04_12/029,2025_04_12,029,2025_04_12/029,RB76,GP3,Acc 60min,30,,,1744428909.497981,,,,,,,,,,GP3HD_data.csv,GP3HD,,,,,,,,1920.0,1080.0,,,,,,,,,,,,,,,True,True,True,False,True,True,False,missing_marker_intervals+missing_video_timestamps+video_file_too_small,False,ext_display_acc_video.avi,5686,0,0,0,0,27,,,,warn,0.8003418803418804,0.20563284696301323,44,0.7413020133972168,0,0,0.00017096939647803043,0,332,0.05675213675213675,0,,0.6,0.0,1,0,,,,high_data_loss;long_sampling_gap;gaze_out_of_bounds;missing_video_timestamps;unexpected_marker_count;incomplete_metadata,5850,95.31287860870361,61.366313612375684,16.30425453186035,18.417549133300778,9.598040004721371,0.5886831554282791,44,0.7413020133972168,4682,1168,0.8003418803418804,0.20563284696301323,0.7943671530369868,0.24190698480769934,0.2566589359922596,normalised,0,,0,,,,,,,,,,,,,,0.0,0.6,0.0
2025_04_12/030,2025_04_12,030,2025_04_12/030,AW75,GP3,Acc 10min,31,,,1744429059.3938148,,,,,,,,,,GP3HD_data.csv,GP3HD,,,,,,,,1920.0,1080.0,,,,,,,,,,,,,,,True,True,True,True,True,True,True,recovered,True,ext_display_acc_video.avi,11448390,27,27,27,9,27,0.0025858732473555027,0.003404553777207358,top_left:3;bottom_left:3;centre:3;top_right:3;bottom_right:3;inner_top_left:3;inner_bottom_left:3;inner_top_right:3;inner_bottom_right:3,warn,0.7983991064780342,0.20910934906878112,51,0.8472890853881836,0,0,0.0001861850679575498,0,15,0.0027922561429635146,27,1.0,0.6,765.0,1,0,,,0.010073995773064412,low_valid_gaze_rate;high_data_loss;long_sampling_gap;incomplete_metadata,5372,87.68309473991394,61.254681029809554,16.381025314331055,18.648862838745117,11.446143152615852,0.6987440000231312,51,0.8472890853881836,4289,1083,0.7983991064780342,0.20910934906878112,0.7908906509312189,0.22956240846429168,0.23972212476476928,normalised,2659,88.5754029750824,27,0.015758373640970078,0.029272827907251577,0.11762081265773348,0.08974527647090134,0.0043857576826920675,0.0003873699553746596,0.004402831581337112,0.07872786619918425,0.15185593245691908,,,,1.0,1581.0,0.6,765.0
2025_04_12/031,2025_04_12,031,2025_04_12/031,AW75,GP3,Acc 60min,32,,,1744430014.4408262,,,,,,,,,,GP3HD_data.csv,GP3HD,,,,,,,,1920.0,1080.0,,,,,,,,,,,,,,,True,True,True,True,True,True,True,recovered,True,ext_display_acc_video.avi,11478814,27,27,27,9,27,0.0025858732473555027,0.0034508650660073636,top_left:3;bottom_left:3;centre:3;top_right:3;bottom_right:3;inner_top_left:3;inner_bottom_left:3;inner_top_right:3;inner_bottom_right:3,warn,0.7796578653774637,0.22738161046618757,49,0.814255952835083,0,0,0.0001859773107680863,0,14,0.0026031982149497955,27,1.0,0.6,752.0,1,0,,,0.010524857032024298,low_valid_gaze_rate;high_data_loss;long_sampling_gap;incomplete_metadata,5378,87.74890112876892,61.277120634358845,16.416072845458984,18.737268447875977,11.003714008180904,0.6703012414582914,49,0.814255952835083,4193,1185,0.7796578653774637,0.22738161046618757,0.7726183895338125,0.24511686783494094,0.25806887336816914,normalised,2663,88.68226933479309,27,0.025375924810733502,0.04211029626786964,0.07127094869274955,0.06625598677447911,0.0017235657075782063,0.024943401749246925,0.025002879225654678,0.04770540468220343,0.05245404470216291,,,,1.0,1515.0,0.6,752.0
2025_04_12/032,2025_04_12,032,2025_04_12/032,JH71,GP3,Acc 60min,33,,,1744430342.4534214,,,,,,,,,,GP3HD_data.csv,GP3HD,,,,,,,,1920.0,1080.0,,,,,,,,,,,,,,,True,True,True,True,True,True,True,recovered,True,ext_display_acc_video.avi,11493928,27,27,27,9,27,0.0025858732473555027,0.0031835279202937442,top_left:3;bottom_left:3;centre:3;top_right:3;bottom_right:3;inner_top_left:3;inner_bottom_left:3;inner_top_right:3;inner_bottom_right:3,warn,0.846253709198813,0.16213734851266984,54,0.8900909423828125,0,0,0.0001854943424225561,0,0,0.0,27,1.0,0.6,844.0,1,0,,,0.009766408562030371,long_sampling_gap;incomplete_metadata,5392,88.05069017410278,61.22609589249518,16.323328018188477,18.44179630279541,11.984394091939432,0.7341881556619868,54,0.8900909423828125,4563,829,0.846253709198813,0.16213734851266984,0.8378626514873302,0.2594986371447384,0.25458837943045537,normalised,2671,88.91911053657532,27,0.008312269113866625,0.017600301436851554,0.047205120826568386,0.041576870232815685,0.0046689931751551905,-0.009528163096638318,0.0106106262428655,0.016116625685380533,0.04464783788463147,,,,1.0,1617.0,0.6,844.0
