session_id,quality_status,valid_rate,data_loss_rate,estimated_missing_samples,longest_gap_s,duplicate_timestamps,negative_time_jumps,irregular_interval_pct,missing_coordinate_samples,out_of_bounds_samples,out_of_bounds_rate,marker_events,marker_coverage_rate,target_settle_time_s,marker_settle_excluded_samples,metadata_missing_fields,metadata_conflict_count,metadata_conflict_fields,metadata_read_error,duration_mismatch_fraction,quality_flags
2025_04_11/000,warn,0.4888250973959401,0.5118755118755118,7,0.03878474235534668,0,0,0.001435602953240361,0,1102,0.2259585810949354,27,0.9259259259259259,0.6,607.0,1,0,,,0.36061044002052733,low_valid_gaze_rate;high_data_loss;gaze_out_of_bounds;gaze_video_duration_mismatch;incomplete_metadata;unknown_calibration_error_unit
2025_04_11/001,warn,0.13216332378223497,0.8689630681818182,48,0.7890176773071289,0,0,0.00017911517105498835,0,271,0.048531518624641834,27,0.2962962962962963,0.6,127.0,1,0,,,0.0056521884877810185,low_valid_gaze_rate;high_data_loss;long_sampling_gap;gaze_out_of_bounds;low_marker_coverage;incomplete_metadata
2025_04_11/003,warn,0.8397212543554007,0.1602787456445993,0,0.023419857025146484,0,0,0.0,0,122,0.02500512400081984,27,1.0,0.6,813.0,1,0,,,0.3795694748816559,gaze_out_of_bounds;gaze_video_duration_mismatch;incomplete_metadata;unknown_calibration_error_unit
2025_04_11/004,warn,0.8362929139184847,0.17099748533109807,52,0.8650102615356445,0,0,0.00016914749661705008,0,219,0.037037037037037035,27,1.0,0.6,935.0,1,0,,,0.005265177681389094,long_sampling_gap;gaze_out_of_bounds;incomplete_metadata
2025_04_11/005,warn,0.5683541709366674,0.4319950839819746,3,0.0280301570892334,0,0,0.0006150061500615006,0,168,0.03443328550932568,27,0.8888888888888888,0.6,675.0,1,0,,,0.3468835637200054,low_valid_gaze_rate;high_data_loss;gaze_out_of_bounds;gaze_video_duration_mismatch;incomplete_metadata;unknown_calibration_error_unit
2025_04_11/006,warn,0.5624457182560362,0.4422049956933678,48,0.7601747512817383,0,0,0.0006949270326615705,0,418,0.07260726072607261,27,0.9629629629629629,0.6,744.0,1,0,,,0.005759693046634847,low_valid_gaze_rate;high_data_loss;long_sampling_gap;gaze_out_of_bounds;incomplete_metadata
2025_04_11/007,warn,0.7085171360705802,0.2966144517433047,43,0.7192678451538086,0,0,0.00016969285593076533,0,1162,0.19714964370546317,27,1.0,0.6,763.0,5,0,,,0.0057822540858849854,low_valid_gaze_rate;high_data_loss;long_sampling_gap;gaze_out_of_bounds;incomplete_metadata
2025_04_11/008,warn,0.7726300784034212,0.2333804809052334,44,0.7360022068023682,0,0,0.00017822135091783995,0,1014,0.18068424803991448,27,1.0,0.6,844.0,1,0,,,0.005677949188013437,low_valid_gaze_rate;high_data_loss;long_sampling_gap;gaze_out_of_bounds;incomplete_metadata
2025_04_11/009,warn,0.8434105349456856,0.1565894650543144,0,0.023982763290405273,0,0,0.0,0,0,0.0,27,1.0,0.6,762.0,1,0,,,0.31263877571199067,gaze_video_duration_mismatch;incomplete_metadata;unknown_calibration_error_unit
2025_04_11/010,warn,0.7805609454930322,0.22626333275048086,50,0.836043119430542,0,0,0.00017642907551164433,0,117,0.020638560592697124,27,1.0,0.6,738.0,1,0,,,0.00525918286617684,low_valid_gaze_rate;high_data_loss;long_sampling_gap;gaze_out_of_bounds;incomplete_metadata
2025_04_11/011,warn,0.3250363372093023,0.6770175121863152,35,0.5848305225372314,0,0,0.00018171906232963838,0,27,0.0049055232558139535,27,0.5925925925925926,0.6,326.0,1,0,,,0.011275786630920869,low_valid_gaze_rate;high_data_loss;long_sampling_gap;low_marker_coverage;incomplete_metadata
2025_04_11/012,warn,0.7738095238095238,0.2335703138546905,55,0.8943746089935303,0,0,0.0003502013657853266,0,18,0.0031512605042016808,27,1.0,0.6,822.0,1,0,,,0.005729348039275377,low_valid_gaze_rate;high_data_loss;long_sampling_gap;incomplete_metadata
2025_04_12/001,warn,0.816447908121411,0.18455551003687012,6,0.029895305633544922,0,0,0.0012307692307692308,0,238,0.04881050041017227,27,1.0,0.6,837.0,1,0,,,0.483374382196736,gaze_out_of_bounds;gaze_video_duration_mismatch;incomplete_metadata;unknown_calibration_error_unit
2025_04_12/002,warn,0.7609275600246255,0.23922855970455478,1,0.025056838989257812,0,0,0.00020525451559934318,0,35,0.007182433819002668,27,0.9629629629629629,0.6,730.0,1,0,,,0.3870006496859468,low_valid_gaze_rate;high_data_loss;gaze_video_duration_mismatch;incomplete_metadata;unknown_calibration_error_unit
2025_04_12/003,warn,0.4267797860568056,0.5797312023247366,84,0.7591180801391602,0,0,0.00387382401770891,0,92,0.016967908520841016,27,0.6296296296296297,0.6,458.0,1,0,,,0.010520684979461403,low_valid_gaze_rate;high_data_loss;long_sampling_gap;gaze_out_of_bounds;low_marker_coverage;incomplete_metadata
2025_04_12/004,warn,0.8157192694438744,0.18478260869565216,3,0.06186962127685547,0,0,0.00020525451559934318,0,125,0.025651549353580955,27,1.0,0.6,759.0,1,0,,,0.3003957075474986,gaze_out_of_bounds;gaze_video_duration_mismatch;incomplete_metadata;unknown_calibration_error_unit
2025_04_12/005,warn,0.6925918325466858,0.3074081674533142,0,0.024658203125,0,0,0.0,0,322,0.06607839113482454,27,1.0,0.6,665.0,1,0,,,0.30896407265340176,low_valid_gaze_rate;high_data_loss;gaze_out_of_bounds;gaze_video_duration_mismatch;incomplete_metadata;unknown_calibration_error_unit
2025_04_12/008,warn,0.6535360938072554,0.35227891774105685,49,0.8148620128631592,0,0,0.0001832508704416346,0,0,0.0,27,0.8518518518518519,0.6,683.0,1,0,,,0.01031068213461129,low_valid_gaze_rate;high_data_loss;long_sampling_gap;incomplete_metadata
2025_04_12/011,warn,0.6016245487364621,0.40343654913191335,47,0.7964334487915039,0,0,0.00018053800324968405,0,185,0.033393501805054154,27,0.8888888888888888,0.6,582.0,1,0,,,0.010288318071530685,low_valid_gaze_rate;high_data_loss;long_sampling_gap;gaze_out_of_bounds;incomplete_metadata
2025_04_12/012,warn,0.7716860683439729,0.23563325274316532,51,0.8493623733520508,0,0,0.00018779342723004695,0,103,0.019339091250469394,27,1.0,0.6,817.0,1,0,,,0.0107088921480843,low_valid_gaze_rate;high_data_loss;long_sampling_gap;gaze_out_of_bounds;incomplete_metadata
2025_04_12/013,warn,0.8896410256410257,0.11035897435897436,0,0.02287912368774414,0,0,0.0,0,0,0.0,27,1.0,0.6,830.0,1,0,,,0.3070304409600239,gaze_video_duration_mismatch;incomplete_metadata;insufficient_calibration_points;unknown_calibration_error_unit
2025_04_12/014,warn,0.8669301712779973,0.14195230998509686,55,0.9125068187713623,0,0,0.00018825301204819278,0,0,0.0,27,0.9629629629629629,0.6,879.0,1,0,,,0.009960512928347267,long_sampling_gap;incomplete_metadata
2025_04_12/015,warn,0.5648338120640132,0.43539786710418377,2,0.026338577270507812,0,0,0.0004104247896572953,0,292,0.059909725071809604,27,0.9259259259259259,0.6,626.0,1,0,,,0.2911189038413058,low_valid_gaze_rate;high_data_loss;gaze_out_of_bounds;gaze_video_duration_mismatch;incomplete_metadata;unknown_calibration_error_unit
2025_04_12/016,warn,0.8156002212797344,0.19111192392099488,45,0.7482564449310303,0,0,0.00018443378827001107,0,914,0.1685413977503227,27,1.0,0.6,791.0,1,0,,,0.01067847304567065,long_sampling_gap;gaze_out_of_bounds;incomplete_metadata
2025_04_12/017,warn,0.8493741021957726,0.15080016413623307,1,0.025979280471801758,0,0,0.00020525451559934318,0,17,0.00348861071208701,27,1.0,0.6,797.0,1,0,,,0.2982142783075532,gaze_video_duration_mismatch;incomplete_metadata;unknown_calibration_error_unit
2025_04_12/018,warn,0.7741461623209696,0.23331514820876523,53,0.8950223922729492,0,0,0.00018365472910927456,0,267,0.049026808666911496,27,1.0,0.6,784.0,1,0,,,0.009914720642696911,low_valid_gaze_rate;high_data_loss;long_sampling_gap;gaze_out_of_bounds;incomplete_metadata
2025_04_12/019,warn,0.8066630256690334,0.201765447667087,58,0.966731071472168,0,0,0.0001820830298616169,0,65,0.0118332423083925,27,1.0,0.6,840.0,1,0,,,0.010123792474571684,high_data_loss;long_sampling_gap;gaze_out_of_bounds;incomplete_metadata
2025_04_12/020,warn,0.8465011286681715,0.15367254821501847,1,0.024831295013427734,0,0,0.00020525451559934318,0,7,0.0014364867638005335,27,1.0,0.6,768.0,1,0,,,0.30380190621937464,gaze_video_duration_mismatch;incomplete_metadata;unknown_calibration_error_unit
2025_04_12/021,warn,0.7580406654343808,0.24931356397583745,53,0.8913733959197998,0,0,0.00018487705675725643,0,363,0.06709796672828096,27,1.0,0.6,736.0,1,0,,,0.010042248925802846,low_valid_gaze_rate;high_data_loss;long_sampling_gap;gaze_out_of_bounds;incomplete_metadata
2025_04_12/022,warn,0.7130036280313157,0.2932046185879235,46,0.763211727142334,0,0,0.00019098548510313216,0,658,0.1256444529310674,27,1.0,0.6,757.0,1,0,,,0.01111778277903247,low_valid_gaze_rate;high_data_loss;long_sampling_gap;gaze_out_of_bounds;incomplete_metadata
2025_04_12/023,warn,0.6880952380952381,0.3187978786093105,51,0.8527348041534424,0,0,0.00019845207382417147,0,73,0.014484126984126985,27,0.9629629629629629,0.6,697.0,1,0,,,0.010407200214277993,low_valid_gaze_rate;high_data_loss;long_sampling_gap;gaze_out_of_bounds;incomplete_metadata
2025_04_12/024,warn,0.8239852398523986,0.1814516129032258,36,0.6043086051940918,0,0,0.00018453589223103894,0,64,0.011808118081180811,27,1.0,0.6,774.0,1,0,,,0.01572615972040541,long_sampling_gap;gaze_out_of_bounds;incomplete_metadata
2025_04_12/025,warn,0.787399958957521,0.2127615921214608,1,0.0258786678314209,0,0,0.00020525451559934318,0,734,0.1506258978042274,27,1.0,0.6,775.0,1,0,,,0.3186358929873204,low_valid_gaze_rate;high_data_loss;gaze_out_of_bounds;gaze_video_duration_mismatch;incomplete_metadata;unknown_calibration_error_unit
2025_04_12/026,warn,0.8517227235438884,0.14845191716218986,1,0.026676416397094727,0,0,0.00020512820512820512,0,6,0.0012305168170631665,27,1.0,0.6,814.0,1,0,,,0.26274159667177227,gaze_video_duration_mismatch;incomplete_metadata;unknown_calibration_error_unit
2025_04_12/027,warn,0.7877632534495279,0.21918301241677163,49,0.8245012760162354,0,0,0.00018158707100054475,0,688,0.12490922294843863,27,1.0,0.6,815.0,1,0,,,0.010434536792758091,low_valid_gaze_rate;high_data_loss;long_sampling_gap;gaze_out_of_bounds;incomplete_metadata
2025_04_12/028,warn,0.8516260162601627,0.1563243639026176,51,0.8504300117492676,0,0,0.00018480872297172427,0,2,0.0003695491500369549,27,1.0,0.6,878.0,1,0,,,0.009852717732295912,long_sampling_gap;incomplete_metadata
2025_04_12/029,warn,0.8003418803418804,0.20563284696301323,44,0.7413020133972168,0,0,0.00017096939647803043,0,332,0.05675213675213675,0,,0.6,0.0,1,0,,,,high_data_loss;long_sampling_gap;gaze_out_of_bounds;missing_video_timestamps;unexpected_marker_count;incomplete_metadata
2025_04_12/030,warn,0.7983991064780342,0.20910934906878112,51,0.8472890853881836,0,0,0.0001861850679575498,0,15,0.0027922561429635146,27,1.0,0.6,765.0,1,0,,,0.010073995773064412,low_valid_gaze_rate;high_data_loss;long_sampling_gap;incomplete_metadata
2025_04_12/031,warn,0.7796578653774637,0.22738161046618757,49,0.814255952835083,0,0,0.0001859773107680863,0,14,0.0026031982149497955,27,1.0,0.6,752.0,1,0,,,0.010524857032024298,low_valid_gaze_rate;high_data_loss;long_sampling_gap;incomplete_metadata
2025_04_12/032,warn,0.846253709198813,0.16213734851266984,54,0.8900909423828125,0,0,0.0001854943424225561,0,0,0.0,27,1.0,0.6,844.0,1,0,,,0.009766408562030371,long_sampling_gap;incomplete_metadata
