session_id,date,subject_id,device_id,test_id,quality_status,coordinate_space,effective_sampling_hz,valid_gaze_samples_pct,data_loss_pct,marker_precision_relative_coordinate_pct,marker_accuracy_relative_coordinate_pct,target_recovery_status,recovered_target_intervals,target_settle_time_s,quality_flags
2025_04_11/000,2025_04_11,CL98,GP3,Calib & Acc,warn,normalised,61.812520780743775,48.88250973959401,51.187551187551186,63.491225125449866,179.5660378363776,recovered,27,0.6,low_valid_gaze_rate;high_data_loss;gaze_out_of_bounds;gaze_video_duration_mismatch;incomplete_metadata;unknown_calibration_error_unit
2025_04_11/001,2025_04_11,CL98,GP3,Acc 10min,warn,normalised,61.31077714146017,13.216332378223496,86.89630681818183,21.9651283936983,629.1477803732996,recovered,27,0.6,low_valid_gaze_rate;high_data_loss;long_sampling_gap;gaze_out_of_bounds;low_marker_coverage;incomplete_metadata
2025_04_11/003,2025_04_11,LW03,GP3,Calib & Acc,warn,normalised,61.83340500502301,83.97212543554006,16.02787456445993,2.0788600467307754,6.447623900183226,recovered,27,0.6,gaze_out_of_bounds;gaze_video_duration_mismatch;incomplete_metadata;unknown_calibration_error_unit
2025_04_11/004,2025_04_11,LW03,GP3,Acc 10min,warn,normalised,61.29169524686968,83.62929139184847,17.099748533109807,0.8126079684963307,6.730737649493373,recovered,27,0.6,long_sampling_gap;gaze_out_of_bounds;incomplete_metadata
2025_04_11/005,2025_04_11,JL98,GP3,Calib & Acc,warn,normalised,61.84509681697183,56.83541709366674,43.19950839819746,3.5994618770086113,15.47402901793504,recovered,27,0.6,low_valid_gaze_rate;high_data_loss;gaze_out_of_bounds;gaze_video_duration_mismatch;incomplete_metadata;unknown_calibration_error_unit
2025_04_11/006,2025_04_11,JL98,GP3,Acc 10min,warn,normalised,61.34435141190579,56.244571825603614,44.22049956933678,3.673523785767785,32.656799495589446,recovered,27,0.6,low_valid_gaze_rate;high_data_loss;long_sampling_gap;gaze_out_of_bounds;incomplete_metadata
2025_04_11/007,2025_04_11,,,,warn,normalised,61.37846593238516,70.85171360705802,29.66144517433047,4.416472233446057,91.29048947677583,recovered,27,0.6,low_valid_gaze_rate;high_data_loss;long_sampling_gap;gaze_out_of_bounds;incomplete_metadata
2025_04_11/008,2025_04_11,LW03,GP3,Acc 60min,warn,normalised,61.34989345445901,77.26300784034213,23.33804809052334,2.9537610317734018,33.88160228792476,recovered,27,0.6,low_valid_gaze_rate;high_data_loss;long_sampling_gap;gaze_out_of_bounds;incomplete_metadata
2025_04_11/009,2025_04_11,PW78,GP3,Calib & Acc,warn,normalised,61.83763346384386,84.34105349456857,15.65894650543144,0.9271350174056984,5.4594950079075,recovered,27,0.6,gaze_video_duration_mismatch;incomplete_metadata;unknown_calibration_error_unit
2025_04_11/010,2025_04_11,PW78,GP3,Acc 10min,warn,normalised,61.29086296081956,78.05609454930322,22.626333275048086,1.73416669899336,9.281624087310437,recovered,27,0.6,low_valid_gaze_rate;high_data_loss;long_sampling_gap;gaze_out_of_bounds;incomplete_metadata
2025_04_11/011,2025_04_11,JL98,GP3,Acc 60min,warn,normalised,61.45186431131992,32.50363372093023,67.70175121863153,3.684079766572775,40.701483905791,recovered,27,0.6,low_valid_gaze_rate;high_data_loss;long_sampling_gap;low_marker_coverage;incomplete_metadata
2025_04_11/012,2025_04_11,PW78,GP3,Acc 60min,warn,normalised,61.257058446488045,77.38095238095238,23.35703138546905,1.3507792983510085,6.9506909250426325,recovered,27,0.6,low_valid_gaze_rate;high_data_loss;long_sampling_gap;incomplete_metadata
2025_04_12/001,2025_04_12,CL98test,GP3,Calib & Acc,warn,normalised,61.841314266084325,81.6447908121411,18.455551003687013,1.7324671626325272,7.694536670040988,recovered,27,0.6,gaze_out_of_bounds;gaze_video_duration_mismatch;incomplete_metadata;unknown_calibration_error_unit
2025_04_12/002,2025_04_12,MQ85,GP3,Calib & Acc,warn,normalised,61.83296887515453,76.09275600246255,23.92285597045548,2.2175746416284206,12.237578406450908,recovered,27,0.6,low_valid_gaze_rate;high_data_loss;gaze_video_duration_mismatch;incomplete_metadata;unknown_calibration_error_unit
2025_04_12/003,2025_04_12,MQ85,GP3,Acc 10min,warn,normalised,61.01613710269519,42.67797860568056,57.97312023247366,1.771964094929411,15.761300130394623,recovered,27,0.6,low_valid_gaze_rate;high_data_loss;long_sampling_gap;gaze_out_of_bounds;low_marker_coverage;incomplete_metadata
2025_04_12/004,2025_04_12,NM84,GP3,Calib & Acc,warn,normalised,61.80680564230846,81.57192694438744,18.478260869565215,2.2127949436678254,9.026885646691818,recovered,27,0.6,gaze_out_of_bounds;gaze_video_duration_mismatch;incomplete_metadata;unknown_calibration_error_unit
2025_04_12/005,2025_04_12,QZ00,GP3,Calib & Acc,warn,normalised,61.83926149017797,69.25918325466857,30.74081674533142,2.7776827782958162,29.958434835730063,recovered,27,0.6,low_valid_gaze_rate;high_data_loss;gaze_out_of_bounds;gaze_video_duration_mismatch;incomplete_metadata;unknown_calibration_error_unit
2025_04_12/008,2025_04_12,NM84,GP3,Acc 10min,warn,normalised,61.277347681108175,65.35360938072554,35.227891774105686,2.1962902945556135,8.881131192661924,recovered,27,0.6,low_valid_gaze_rate;high_data_loss;long_sampling_gap;incomplete_metadata
2025_04_12/011,2025_04_12,MQ85,GP3,Acc 60min,warn,normalised,61.305106976881284,60.16245487364621,40.34365491319134,1.698486595892546,9.29368228720173,recovered,27,0.6,low_valid_gaze_rate;high_data_loss;long_sampling_gap;gaze_out_of_bounds;incomplete_metadata
2025_04_12/012,2025_04_12,QZ00,GP3,Acc 10min,warn,normalised,61.25082237338716,77.1686068343973,23.563325274316533,1.330933376169319,27.820398445275558,recovered,27,0.6,low_valid_gaze_rate;high_data_loss;long_sampling_gap;gaze_out_of_bounds;incomplete_metadata
2025_04_12/013,2025_04_12,SY91,GP3,Calib & Acc,warn,normalised,61.8417309457381,88.96410256410256,11.035897435897436,0.0,79.28850273946829,recovered,27,0.6,gaze_video_duration_mismatch;incomplete_metadata;insufficient_calibration_points;unknown_calibration_error_unit
2025_04_12/014,2025_04_12,QZ00,GP3,Acc 60min,warn,normalised,61.20201628694978,86.69301712779973,14.195230998509686,0.0,80.27884097128151,recovered,27,0.6,long_sampling_gap;incomplete_metadata
2025_04_12/015,2025_04_12,YR00,GP3,Calib & Acc,warn,normalised,61.83920029135536,56.48338120640132,43.539786710418376,2.478387231760921,45.6757601065846,recovered,27,0.6,low_valid_gaze_rate;high_data_loss;gaze_out_of_bounds;gaze_video_duration_mismatch;incomplete_metadata;unknown_calibration_error_unit
2025_04_12/016,2025_04_12,NM84,GP3,Acc 60min,warn,normalised,61.324291560672805,81.56002212797344,19.11119239209949,1.6560884748969151,24.280891171154686,recovered,27,0.6,long_sampling_gap;gaze_out_of_bounds;incomplete_metadata
2025_04_12/017,2025_04_12,SS73,GP3,Calib & Acc,warn,normalised,61.84080036219388,84.93741021957726,15.080016413623307,0.8204387433422886,5.467440300477806,recovered,27,0.6,gaze_video_duration_mismatch;incomplete_metadata;unknown_calibration_error_unit
2025_04_12/018,2025_04_12,YR00,GP3,Acc 10min,warn,normalised,61.2234745332325,77.41461623209696,23.331514820876524,1.3404662262803912,8.366744842707604,recovered,27,0.6,low_valid_gaze_rate;high_data_loss;long_sampling_gap;gaze_out_of_bounds;incomplete_metadata
2025_04_12/019,2025_04_12,SS73,GP3,Acc 10min,warn,normalised,61.187931171831224,80.66630256690334,20.1765447667087,1.3810545171107538,6.521968466445628,recovered,27,0.6,high_data_loss;long_sampling_gap;gaze_out_of_bounds;incomplete_metadata
2025_04_12/020,2025_04_12,RB76,GP3,Calib & Acc,warn,normalised,61.839582058806286,84.65011286681715,15.367254821501847,1.807653048738996,7.473243073536021,recovered,27,0.6,gaze_video_duration_mismatch;incomplete_metadata;unknown_calibration_error_unit
2025_04_12/021,2025_04_12,SY91,GP3,Acc 10min,warn,normalised,61.22819607804454,75.80406654343807,24.931356397583745,1.6399263181280095,21.094973504020555,recovered,27,0.6,low_valid_gaze_rate;high_data_loss;long_sampling_gap;gaze_out_of_bounds;incomplete_metadata
2025_04_12/022,2025_04_12,SY91,GP3,Acc 60min,warn,normalised,61.294406031223936,71.30036280313156,29.320461858792353,2.1673043752050987,25.358235126335554,recovered,27,0.6,low_valid_gaze_rate;high_data_loss;long_sampling_gap;gaze_out_of_bounds;incomplete_metadata
2025_04_12/023,2025_04_12,YR00,GP3,Acc 60min,warn,normalised,61.21539549612543,68.80952380952381,31.879787860931053,2.3991008291597415,13.45632653155772,recovered,27,0.6,low_valid_gaze_rate;high_data_loss;long_sampling_gap;gaze_out_of_bounds;incomplete_metadata
2025_04_12/024,2025_04_12,RB76,GP3,Acc 10min,warn,normalised,61.427997196751924,82.39852398523986,18.14516129032258,1.691526797625261,7.750419747725863,recovered,27,0.6,long_sampling_gap;gaze_out_of_bounds;incomplete_metadata
2025_04_12/025,2025_04_12,AW75,GP3,Calib & Acc,warn,normalised,61.838473276019904,78.7399958957521,21.27615921214608,2.0007192952706165,24.448534217595718,recovered,27,0.6,low_valid_gaze_rate;high_data_loss;gaze_out_of_bounds;gaze_video_duration_mismatch;incomplete_metadata;unknown_calibration_error_unit
2025_04_12/026,2025_04_12,JH71,GP3,Calib & Acc,warn,normalised,61.837350313242986,85.17227235438884,14.845191716218986,1.049859006143713,6.825299059535696,recovered,27,0.6,gaze_video_duration_mismatch;incomplete_metadata;unknown_calibration_error_unit
2025_04_12/027,2025_04_12,SS73,GP3,Acc 60min,warn,normalised,61.282369466758006,78.7763253449528,21.918301241677163,1.2776304700381176,12.972435455928869,recovered,27,0.6,low_valid_gaze_rate;high_data_loss;long_sampling_gap;gaze_out_of_bounds;incomplete_metadata
2025_04_12/028,2025_04_12,JH71,GP3,Acc 10min,warn,normalised,61.25554337959454,85.16260162601627,15.632436390261761,1.3652731122080917,5.520283557693114,recovered,27,0.6,long_sampling_gap;incomplete_metadata
2025_04_12/029,2025_04_12,RB76,GP3,Acc 60min,warn,normalised,61.366313612375684,80.03418803418803,20.563284696301324,,,missing_marker_intervals+missing_video_timestamps+video_file_too_small,0,0.6,high_data_loss;long_sampling_gap;gaze_out_of_bounds;missing_video_timestamps;unexpected_marker_count;incomplete_metadata
2025_04_12/030,2025_04_12,AW75,GP3,Acc 10min,warn,normalised,61.254681029809554,79.83991064780342,20.91093490687811,1.5758373640970078,11.762081265773348,recovered,27,0.6,low_valid_gaze_rate;high_data_loss;long_sampling_gap;incomplete_metadata
2025_04_12/031,2025_04_12,AW75,GP3,Acc 60min,warn,normalised,61.277120634358845,77.96578653774637,22.738161046618757,2.53759248107335,7.127094869274956,recovered,27,0.6,low_valid_gaze_rate;high_data_loss;long_sampling_gap;incomplete_metadata
2025_04_12/032,2025_04_12,JH71,GP3,Acc 60min,warn,normalised,61.22609589249518,84.6253709198813,16.213734851266985,0.8312269113866625,4.720512082656839,recovered,27,0.6,long_sampling_gap;incomplete_metadata
