session_id,target_recovery_attempted,target_recovery_status,target_recovery_validation_passed,source_video_file,source_video_bytes,marker_interval_count,detected_target_intervals,recovered_target_intervals,recovered_unique_targets,expected_target_intervals,median_normalised_match_offset,max_normalised_match_offset,target_count_signature
2025_04_11/000,True,recovered,True,ext_display_acc_video.avi,3491282,27,27,27,9,27,0.0023890372051467677,0.003777020458143973,top_left:3;bottom_left:3;centre:3;top_right:3;bottom_right:3;inner_top_left:3;inner_bottom_left:3;inner_top_right:3;inner_bottom_right:3
2025_04_11/001,True,recovered,True,ext_display_acc_video.avi,2541104,27,27,27,9,27,0.0023890372051467677,0.003824811219699761,top_left:3;bottom_left:3;centre:3;top_right:3;bottom_right:3;inner_top_left:3;inner_bottom_left:3;inner_top_right:3;inner_bottom_right:3
2025_04_11/003,True,recovered,True,ext_display_acc_video.avi,3857230,27,27,27,9,27,0.0025858732473555027,0.0036536008158934382,top_left:3;bottom_left:3;centre:3;top_right:3;bottom_right:3;inner_top_left:3;inner_bottom_left:3;inner_top_right:3;inner_bottom_right:3
2025_04_11/004,True,recovered,True,ext_display_acc_video.avi,2572098,27,27,27,9,27,0.0023890372051467677,0.003824811219699761,top_left:3;bottom_left:3;centre:3;top_right:3;bottom_right:3;inner_top_left:3;inner_bottom_left:3;inner_top_right:3;inner_bottom_right:3
2025_04_11/005,True,recovered,True,ext_display_acc_video.avi,3654056,27,27,27,9,27,0.0023890372051467677,0.003824811219699761,top_left:3;bottom_left:3;centre:3;top_right:3;bottom_right:3;inner_top_left:3;inner_bottom_left:3;inner_top_right:3;inner_bottom_right:3
2025_04_11/006,True,recovered,True,ext_display_acc_video.avi,2601742,27,27,27,9,27,0.0023890372051467677,0.0036536008158934382,top_left:3;bottom_left:3;centre:3;top_right:3;bottom_right:3;inner_top_left:3;inner_bottom_left:3;inner_top_right:3;inner_bottom_right:3
2025_04_11/007,True,recovered,True,ext_display_acc_video.avi,2563590,27,27,27,9,27,0.0023890372051467677,0.0034508650660073636,top_left:3;bottom_left:3;centre:3;top_right:3;bottom_right:3;inner_top_left:3;inner_bottom_left:3;inner_top_right:3;inner_bottom_right:3
2025_04_11/008,True,recovered,True,ext_display_acc_video.avi,2448188,27,27,27,9,27,0.0023890372051467677,0.003824811219699761,top_left:3;bottom_left:3;centre:3;top_right:3;bottom_right:3;inner_top_left:3;inner_bottom_left:3;inner_top_right:3;inner_bottom_right:3
2025_04_11/009,True,recovered,True,ext_display_acc_video.avi,3385980,27,27,27,9,27,0.0023890372051467677,0.003777020458143973,top_left:3;bottom_left:3;centre:3;top_right:3;bottom_right:3;inner_top_left:3;inner_bottom_left:3;inner_top_right:3;inner_bottom_right:3
2025_04_11/010,True,recovered,True,ext_display_acc_video.avi,2573580,27,27,27,9,27,0.0023890372051467677,0.003824811219699761,top_left:3;bottom_left:3;centre:3;top_right:3;bottom_right:3;inner_top_left:3;inner_bottom_left:3;inner_top_right:3;inner_bottom_right:3
2025_04_11/011,True,recovered,True,ext_display_acc_video.avi,2352992,27,27,27,9,27,0.0023890372051467677,0.0036536008158934382,top_left:3;bottom_left:3;centre:3;top_right:3;bottom_right:3;inner_top_left:3;inner_bottom_left:3;inner_top_right:3;inner_bottom_right:3
2025_04_11/012,True,recovered,True,ext_display_acc_video.avi,2468540,27,27,27,9,27,0.0023890372051467677,0.0034508650660073636,top_left:3;bottom_left:3;centre:3;top_right:3;bottom_right:3;inner_top_left:3;inner_bottom_left:3;inner_top_right:3;inner_bottom_right:3
2025_04_12/001,True,recovered,True,ext_display_acc_video.avi,23594836,27,27,27,9,27,0.0023890372051467677,0.0033974639237605523,top_left:3;bottom_left:3;centre:3;top_right:3;bottom_right:3;inner_top_left:3;inner_bottom_left:3;inner_top_right:3;inner_bottom_right:3
2025_04_12/002,True,recovered,True,ext_display_acc_video.avi,19729124,27,27,27,9,27,0.002724367157374172,0.003631645859418837,top_left:3;bottom_left:3;centre:3;top_right:3;bottom_right:3;inner_top_left:3;inner_bottom_left:3;inner_top_right:3;inner_bottom_right:3
2025_04_12/003,True,recovered,True,ext_display_acc_video.avi,11694472,27,27,27,9,27,0.0027243671573741477,0.003631645859418837,top_left:3;bottom_left:3;centre:3;top_right:3;bottom_right:3;inner_top_left:3;inner_bottom_left:3;inner_top_right:3;inner_bottom_right:3
2025_04_12/004,True,recovered,True,ext_display_acc_video.avi,15914614,27,27,27,9,27,0.002724367157374172,0.0034508650660073636,top_left:3;bottom_left:3;centre:3;top_right:3;bottom_right:3;inner_top_left:3;inner_bottom_left:3;inner_top_right:3;inner_bottom_right:3
2025_04_12/005,True,recovered,True,ext_display_acc_video.avi,16055192,27,27,27,9,27,0.0025858732473555027,0.0031835279202937442,top_left:3;bottom_left:3;centre:3;top_right:3;bottom_right:3;inner_top_left:3;inner_bottom_left:3;inner_top_right:3;inner_bottom_right:3
2025_04_12/008,True,recovered,True,ext_display_acc_video.avi,11769816,27,27,27,9,27,0.0025858732473555027,0.003183527920293794,top_left:3;bottom_left:3;centre:3;top_right:3;bottom_right:3;inner_top_left:3;inner_bottom_left:3;inner_top_right:3;inner_bottom_right:3
2025_04_12/011,True,recovered,True,ext_display_acc_video.avi,11965518,27,27,27,9,27,0.0027839016697693577,0.0034508650660073636,top_left:3;bottom_left:3;centre:3;top_right:3;bottom_right:3;inner_top_left:3;inner_bottom_left:3;inner_top_right:3;inner_bottom_right:3
2025_04_12/012,True,recovered,True,ext_display_acc_video.avi,11307238,27,27,27,9,27,0.0025858732473555027,0.0034508650660073636,top_left:3;bottom_left:3;centre:3;top_right:3;bottom_right:3;inner_top_left:3;inner_bottom_left:3;inner_top_right:3;inner_bottom_right:3
2025_04_12/013,True,recovered,True,ext_display_acc_video.avi,16209876,27,27,27,9,27,0.002727856047018324,0.0033974639237605523,top_left:3;bottom_left:3;centre:3;top_right:3;bottom_right:3;inner_top_left:3;inner_bottom_left:3;inner_top_right:3;inner_bottom_right:3
2025_04_12/014,True,recovered,True,ext_display_acc_video.avi,11232046,27,27,27,9,27,0.0025858732473555027,0.0034508650660073636,top_left:3;bottom_left:3;centre:3;top_right:3;bottom_right:3;inner_top_left:3;inner_bottom_left:3;inner_top_right:3;inner_bottom_right:3
2025_04_12/015,True,recovered,True,ext_display_acc_video.avi,15569492,27,27,27,9,27,0.0025858732473555027,0.0031892035057003824,top_left:3;bottom_left:3;centre:3;top_right:3;bottom_right:3;inner_top_left:3;inner_bottom_left:3;inner_top_right:3;inner_bottom_right:3
2025_04_12/016,True,recovered,True,ext_display_acc_video.avi,11568968,27,27,27,9,27,0.0024513071913956036,0.0031892035057003824,top_left:3;bottom_left:3;centre:3;top_right:3;bottom_right:3;inner_top_left:3;inner_bottom_left:3;inner_top_right:3;inner_bottom_right:3
2025_04_12/017,True,recovered,True,ext_display_acc_video.avi,15829362,27,27,27,9,27,0.0027243671573741477,0.0034508650660073636,top_left:3;bottom_left:3;centre:3;top_right:3;bottom_right:3;inner_top_left:3;inner_bottom_left:3;inner_top_right:3;inner_bottom_right:3
2025_04_12/018,True,recovered,True,ext_display_acc_video.avi,11657978,27,27,27,9,27,0.0024513071913956036,0.0031835279202937442,top_left:3;bottom_left:3;centre:3;top_right:3;bottom_right:3;inner_top_left:3;inner_bottom_left:3;inner_top_right:3;inner_bottom_right:3
2025_04_12/019,True,recovered,True,ext_display_acc_video.avi,11889150,27,27,27,9,27,0.002724367157374172,0.003631645859418837,top_left:3;bottom_left:3;centre:3;top_right:3;bottom_right:3;inner_top_left:3;inner_bottom_left:3;inner_top_right:3;inner_bottom_right:3
2025_04_12/020,True,recovered,True,ext_display_acc_video.avi,15914570,27,27,27,9,27,0.002724367157374172,0.003631645859418837,top_left:3;bottom_left:3;centre:3;top_right:3;bottom_right:3;inner_top_left:3;inner_bottom_left:3;inner_top_right:3;inner_bottom_right:3
2025_04_12/021,True,recovered,True,ext_display_acc_video.avi,11547250,27,27,27,9,27,0.0025858732473555027,0.0031892035057003824,top_left:3;bottom_left:3;centre:3;top_right:3;bottom_right:3;inner_top_left:3;inner_bottom_left:3;inner_top_right:3;inner_bottom_right:3
2025_04_12/022,True,recovered,True,ext_display_acc_video.avi,10959788,27,27,27,9,27,0.002727856047018324,0.0034508650660073636,top_left:3;bottom_left:3;centre:3;top_right:3;bottom_right:3;inner_top_left:3;inner_bottom_left:3;inner_top_right:3;inner_bottom_right:3
2025_04_12/023,True,recovered,True,ext_display_acc_video.avi,10379446,27,27,27,9,27,0.0027243671573741477,0.0031835279202937442,top_left:3;bottom_left:3;centre:3;top_right:3;bottom_right:3;inner_top_left:3;inner_bottom_left:3;inner_top_right:3;inner_bottom_right:3
2025_04_12/024,True,recovered,True,ext_display_acc_video.avi,11639864,27,27,27,9,27,0.0025858732473555027,0.0031892035057003824,top_left:3;bottom_left:3;centre:3;top_right:3;bottom_right:3;inner_top_left:3;inner_bottom_left:3;inner_top_right:3;inner_bottom_right:3
2025_04_12/025,True,recovered,True,ext_display_acc_video.avi,16316674,27,27,27,9,27,0.0025858732473555027,0.0034508650660073636,top_left:3;bottom_left:3;centre:3;top_right:3;bottom_right:3;inner_top_left:3;inner_bottom_left:3;inner_top_right:3;inner_bottom_right:3
2025_04_12/026,True,recovered,True,ext_display_acc_video.avi,14523658,27,27,27,9,27,0.002724367157374172,0.0031892035057003824,top_left:3;bottom_left:3;centre:3;top_right:3;bottom_right:3;inner_top_left:3;inner_bottom_left:3;inner_top_right:3;inner_bottom_right:3
2025_04_12/027,True,recovered,True,ext_display_acc_video.avi,11912230,27,27,27,9,27,0.002727856047018324,0.003183527920293794,top_left:3;bottom_left:3;centre:3;top_right:3;bottom_right:3;inner_top_left:3;inner_bottom_left:3;inner_top_right:3;inner_bottom_right:3
2025_04_12/028,True,recovered,True,ext_display_acc_video.avi,11562116,27,27,27,9,27,0.002727856047018324,0.0034508650660073636,top_left:3;bottom_left:3;centre:3;top_right:3;bottom_right:3;inner_top_left:3;inner_bottom_left:3;inner_top_right:3;inner_bottom_right:3
2025_04_12/029,False,missing_marker_intervals+missing_video_timestamps+video_file_too_small,False,ext_display_acc_video.avi,5686,0,0,0,0,27,,,
2025_04_12/030,True,recovered,True,ext_display_acc_video.avi,11448390,27,27,27,9,27,0.0025858732473555027,0.003404553777207358,top_left:3;bottom_left:3;centre:3;top_right:3;bottom_right:3;inner_top_left:3;inner_bottom_left:3;inner_top_right:3;inner_bottom_right:3
2025_04_12/031,True,recovered,True,ext_display_acc_video.avi,11478814,27,27,27,9,27,0.0025858732473555027,0.0034508650660073636,top_left:3;bottom_left:3;centre:3;top_right:3;bottom_right:3;inner_top_left:3;inner_bottom_left:3;inner_top_right:3;inner_bottom_right:3
2025_04_12/032,True,recovered,True,ext_display_acc_video.avi,11493928,27,27,27,9,27,0.0025858732473555027,0.0031835279202937442,top_left:3;bottom_left:3;centre:3;top_right:3;bottom_right:3;inner_top_left:3;inner_bottom_left:3;inner_top_right:3;inner_bottom_right:3
